7.024000,CONNECTED,-94,-105,10,42.487588,0.973824,6274.445000,3844.477011,7034.795000
8.024000,CONNECTED,-94,-105,10,45.052466,0.513394,6534.278700,3983.521191,7173.839180
9.025000,CONNECTED,-94,-105,9,50.497585,0.579129,6375.898800,4160.952151,7351.270140
10.026000,CONNECTED,-94,-105,10,89.909120,0.835030,6659.935200,4282.472351,7472.790340
11.027000,CONNECTED,-93,-102,11,205.230459,1.674626,6638.568000,4467.642911,7657.960900
12.028000,CONNECTED,-93,-105,7,290.298495,1.439552,7141.802400,4857.483811,8047.801800
13.028000,CONNECTED,-97,-105,8,332.532123,0.368448,7568.778000,5005.948811,8196.266800
14.028000,CONNECTED,-93,-105,5,345.428437,0.350371,7661.983200,5167.068351,8357.386340
15.031000,CONNECTED,-93,-96,14,384.598409,0.367888,7323.423600,5039.187091,8229.505080
16.033000,CONNECTED,-91,-99,12,409.322005,0.389384,8051.750400,5728.092131,8918.410120
17.034000,CONNECTED,-90,-101,10,388.180534,0.402727,7934.967600,5387.756791,8578.074780
18.036000,CONNECTED,-90,-97,13,388.078951,0.374429,8072.749200,5166.594051,8356.912040
19.037000,CONNECTED,-90,-104,8,342.439162,0.359840,7502.466000,5191.351051,8381.669040
20.037000,CONNECTED,-90,-102,10,390.537294,0.393948,8198.005200,5312.266351,8502.584340
21.039000,CONNECTED,-90,-99,12,423.863910,0.379392,7589.776800,5283.148531,8473.466520
22.039000,CONNECTED,-91,-99,10,392.697729,0.386464,7731.610800,5340.791351,8531.109340
23.039000,CONNECTED,-91,-97,12,300.508024,0.445568,8271.685200,5286.886311,8477.204300
24.039000,CONNECTED,-92,-97,14,195.173021,0.291270,7547.410800,4907.972571,8098.290560
25.042000,CONNECTED,-92,-97,12,325.642217,2.356709,7701.033600,5226.966811,8417.284800
26.044000,CONNECTED,-89,-97,10,405.964842,0.419168,7722.769200,5367.179911,8557.497900
27.044000,CONNECTED,-89,-97,12,466.186490,0.420683,7255.269600,4631.623571,7821.941560
28.046000,CONNECTED,-89,-97,13,390.798875,0.392404,7965.913200,6526.111611,9716.429600
29.048000,CONNECTED,-90,-97,10,375.383715,0.384507,9387.568800,5797.273171,8987.591160
30.049000,CONNECTED,-90,-97,11,483.238369,0.473600,8272.790400,5348.980171,8539.298160
31.049000,CONNECTED,-90,-100,8,550.386119,0.460829,7490.677200,5623.713171,8814.031160
32.051000,CONNECTED,-90,-94,4,599.879379,0.514525,7507.255200,4892.698991,8083.016980
33.052000,CONNECTED,-92,-94,8,638.451274,0.500448,7787.607600,5344.145991,8534.463980
34.052000,CONNECTED,-92,-88,12,746.954275,0.533263,7644.300000,5689.049951,8879.367940
35.053000,CONNECTED,-92,-93,12,923.235104,0.741023,8372.995200,5935.518831,9125.836820
36.055000,CONNECTED,-92,-88,14,905.856871,0.628160,7937.178000,5531.732991,8722.050980
37.055000,CONNECTED,-92,-90,13,1082.666642,0.738464,7830.710400,5588.095291,8778.413280
38.055000,CONNECTED,-93,-90,11,1111.030501,0.766093,7800.180800,5439.023691,8629.341680
39.059000,CONNECTED,-93,-90,14,1210.045811,0.782597,7991.481600,5730.776531,8921.094520
40.060000,CONNECTED,-90,-90,15,1306.194376,0.801323,7906.710400,5878.879791,9069.197780
41.062000,CONNECTED,-87,-90,16,1173.005301,0.791681,7832.356000,5976.078111,9166.396100
42.062000,CONNECTED,-93,-93,12,1358.102652,0.886734,7536.734400,5876.743831,9067.061820
43.070000,CONNECTED,-93,-88,17,1426.800762,0.854880,8574.104000,5825.189151,9015.507140
44.070000,CONNECTED,-93,-88,14,1376.896737,0.893568,8153.121600,5922.451631,9112.769620
45.070000,CONNECTED,-93,-90,14,1399.960824,0.909376,8339.546400,5851.510171,9041.828160
46.070000,CONNECTED,-93,-90,12,1373.083058,0.896616,7752.254400,5931.068691,9121.386680
47.071000,CONNECTED,-91,-88,15,1775.103412,0.968864,8425.754400,6382.416791,9572.734780
48.071000,CONNECTED,-91,-88,16,1856.403000,1.051720,8906.723200,6470.667311,9660.985300
49.072000,CONNECTED,-92,-86,16,1834.151730,1.004759,8311.528800,6119.710131,9310.028120
50.074000,CONNECTED,-93,-86,16,1723.355173,0.939662,8856.794400,6196.522171,9386.840160
51.074000,CONNECTED,-91,-88,17,1789.284423,1.006581,8486.818400,6122.536491,9312.854480
52.075000,CONNECTED,-91,-88,17,1846.197188,1.059879,8076.971200,6249.256891,9439.574880
53.079000,CONNECTED,-94,-88,16,1878.521828,1.087313,8958.807200,6375.295431,9565.613420
54.081000,CONNECTED,-94,-88,17,1926.625603,1.145198,8153.480800,6355.444551,9545.762540
55.083000,CONNECTED,-94,-88,15,1457.954769,0.897728,8495.798400,6281.580411,9471.898400
56.083000,CONNECTED,-95,-85,17,1540.398714,0.869732,8712.755200,6349.984971,9540.302960
57.085000,CONNECTED,-95,-85,18,1735.172979,0.909751,8334.876800,6314.252211,9504.570200
58.086000,CONNECTED,-94,-85,17,1794.010138,0.897715,8057.933600,6427.372111,9617.690100
59.087000,CONNECTED,-94,-87,16,1675.022894,0.933751,7370.784000,6105.895691,9296.213680
60.089000,CONNECTED,-95,-87,15,1761.921298,0.915138,8735.744000,6778.370231,9968.688220
61.090000,CONNECTED,-95,-84,18,1955.313314,0.935493,8981.796000,6554.202891,9744.520880
62.091000,CONNECTED,-96,-84,17,1958.166981,1.005803,8232.504800,6667.075971,9857.393960
63.092000,CONNECTED,-96,-81,18,1984.720005,1.023264,8505.137600,6466.160151,9656.478140
64.092000,CONNECTED,-95,-81,18,1944.342361,0.983328,9267.719200,6624.716051,9815.034040
65.092000,CONNECTED,-95,-79,18,1494.621004,0.748576,8299.316000,5750.749011,8941.067000
66.092000,CONNECTED,-95,-84,19,1367.525906,0.730080,8696.232000,5497.734031,8688.052020
67.092000,CONNECTED,-96,-84,18,1156.106322,0.749008,7585.944800,6033.739451,9224.057440
68.093000,CONNECTED,-95,-79,18,207.260635,0.294112,6374.068800,3728.398091,6918.716080
69.093000,CONNECTED,-96,-79,18,146.127068,3.222182,6134.620800,3414.903051,6605.221040
70.095000,CONNECTED,-96,-83,18,58.904899,1.458816,5594.626800,2892.169391,6082.487380
71.095000,CONNECTED,-96,-79,19,57.592302,1.949434,5046.686400,2868.898551,6059.216540
72.097000,CONNECTED,-96,-39,9,34.027374,0.915551,5846.022000,3446.870031,6637.188020
75.102000,CONNECTED,-95,-83,19,1070.747888,1.437470,7377.148800,5101.947811,8292.265800
76.109000,CONNECTED,-98,-81,19,1073.464256,0.632861,7414.352400,5515.021731,8705.339720
77.109000,CONNECTED,-98,-78,19,1254.612237,0.692224,7604.343600,5876.717011,9067.035000
78.109000,CONNECTED,-102,-78,19,1384.240656,0.773484,7481.535600,5593.187811,8783.505800
79.111000,CONNECTED,-102,-78,18,1429.291193,0.765078,7773.024000,6369.529611,9559.847600
80.111000,CONNECTED,-95,-82,18,1218.354104,0.693888,7185.351600,5340.528111,8530.846100
81.112000,CONNECTED,-95,-80,18,1269.479420,0.682841,8240.416800,5712.576831,8902.894820
82.113000,CONNECTED,-97,-78,19,1660.101943,0.954098,8343.358800,6017.009551,9207.327540
83.115000,CONNECTED,-97,-78,19,1180.431448,0.593632,7736.904000,5418.064191,8608.382180
84.115000,CONNECTED,-97,-75,19,1296.784402,0.809557,7763.632800,5617.136751,8807.454740
85.117000,CONNECTED,-97,-79,18,1423.044797,0.744220,8232.109200,6118.914751,9309.232740
86.118000,CONNECTED,-98,-77,20,1221.805546,0.701792,8065.234800,5947.502171,9137.820160
87.118000,CONNECTED,-99,-81,19,1286.755052,0.706224,7666.831200,5714.193831,8904.511820
88.120000,CONNECTED,-99,-79,19,1356.063595,0.812446,8119.776000,6118.675111,9308.993100
89.126000,CONNECTED,-97,-76,19,1758.560333,1.049123,8627.262000,5849.736811,9040.054800
90.128000,CONNECTED,-97,-79,19,1402.300053,0.677273,7839.484800,5715.130791,8905.448780
91.131000,CONNECTED,-97,-79,19,1471.086003,0.825792,8686.860000,6324.103071,9514.421060
92.131000,CONNECTED,-97,-79,19,1601.804738,0.944542,8458.942800,6469.181071,9659.499060
93.134000,CONNECTED,-97,-77,19,1791.330531,1.062645,8121.220800,5964.329211,9154.647200
94.134000,CONNECTED,-97,-81,19,1653.934457,0.915435,8672.773200,6347.919551,9538.237540
95.135000,CONNECTED,-98,-78,20,1556.387464,0.876512,8495.785200,6281.753411,9472.071400
96.135000,CONNECTED,-99,-80,20,814.758512,0.538123,8162.397600,4363.534051,7553.852040
97.136000,CONNECTED,-99,-78,18,49.203450,0.348704,6431.166000,3428.980751,6619.298740
98.137000,CONNECTED,-98,-78,19,64.815583,2.356696,5981.058400,3678.554711,6868.872700
99.138000,CONNECTED,-98,-78,19,746.558462,11.687325,8713.344800,7602.798971,10793.116960
100.139000,CONNECTED,-98,-75,19,1112.230576,1.328269,9075.288800,6214.651451,9404.969440
101.140000,CONNECTED,-104,-77,19,992.857973,0.637220,8409.165600,5924.273531,9114.591520
102.141000,CONNECTED,-101,-77,19,427.683757,0.478195,7415.464800,4468.985031,7659.303020
103.142000,CONNECTED,-98,-77,19,88.868638,0.428115,6914.227200,3482.885011,6673.203000
104.145000,CONNECTED,-104,-80,19,52.272296,1.923094,5365.911200,3542.710811,6733.028800
105.146000,CONNECTED,-103,-80,19,54.445832,1.961253,6136.961600,3166.964131,6357.282120
106.148000,CONNECTED,-103,-82,19,46.178472,1.366131,5566.625600,2824.584511,6014.902500
107.149000,CONNECTED,-105,-82,19,39.416728,1.142884,5315.824000,3215.711171,6406.029160
108.151000,CONNECTED,-105,-82,19,56.754984,1.214656,6200.576000,3920.240071,7110.558060
109.151000,CONNECTED,-100,-80,19,170.420033,2.961655,6648.801600,4181.308171,7371.626160
110.153000,CONNECTED,-99,-80,19,80.661148,1.001331,6921.904800,3300.233671,6490.551660
111.155000,CONNECTED,-98,-82,18,45.337156,1.086723,5639.745600,3042.900451,6233.218440
112.157000,CONNECTED,-98,-82,19,44.840167,0.766581,5513.613600,2876.010411,6066.328400
113.163000,CONNECTED,-98,-82,19,55.913635,1.023862,5424.407200,3377.907071,6568.225060
114.166000,CONNECTED,-99,-82,19,73.065383,0.995821,5214.187200,3373.592911,6563.910900
115.169000,CONNECTED,-99,-82,19,40.060188,0.815377,5410.880000,2975.300851,6165.618840
116.171000,CONNECTED,-104,-82,19,70.770486,0.901856,6678.780800,3966.402491,7156.720480
117.171000,CONNECTED,-104,-82,19,60.986512,1.090272,5683.252000,3533.805991,6724.123980
118.172000,CONNECTED,-99,-75,20,55.292838,0.799905,6474.044800,3002.462771,6192.780760
119.174000,CONNECTED,-96,-75,20,116.036563,1.284966,5894.568800,4030.398191,7220.716180
120.174000,CONNECTED,-98,-79,20,181.875808,1.478620,6361.440000,4371.908171,7562.226160
121.174000,CONNECTED,-98,-74,20,208.405219,1.733781,6565.810400,4088.792411,7279.110400
122.177000,CONNECTED,-96,-76,20,170.595793,1.175333,6373.139200,4998.466211,8188.784200
123.182000,CONNECTED,-96,-76,20,179.829337,1.582716,7509.058400,5175.739211,8366.057200
124.184000,CONNECTED,-96,-78,21,195.413398,1.636602,7356.968800,4652.559071,7842.877060
125.185000,CONNECTED,-96,-78,19,206.743334,1.459827,6911.302400,5129.635391,8319.953380
126.188000,CONNECTED,-96,-78,20,229.820822,1.386602,7588.759200,5059.428471,8249.746460
127.189000,CONNECTED,-101,-75,18,251.862091,1.733888,7057.176800,5059.135491,8249.453480
128.189000,CONNECTED,-94,-81,19,310.689468,2.146609,7094.411700,4980.312931,8170.630920
129.191000,CONNECTED,-92,-81,15,385.617493,0.546562,7593.287500,5309.186411,8499.504400
130.192000,CONNECTED,-92,-78,18,643.763145,0.619980,7366.725000,5590.935671,8781.253660
131.195000,CONNECTED,-96,-78,20,579.997226,0.460512,7428.350000,5354.847711,8545.165700
132.195000,CONNECTED,-96,-78,20,911.129899,0.755781,8420.512500,5671.700271,8862.018260
133.196000,CONNECTED,-96,-78,19,824.527360,0.588224,7650.200000,5813.921551,9004.239540
134.196000,CONNECTED,-96,-78,17,913.577524,0.646872,8476.700000,5878.887611,9069.205600
135.197000,CONNECTED,-96,-78,20,1165.380554,0.922286,8721.750000,6515.097891,9705.415880
136.198000,CONNECTED,-94,-78,19,825.950305,0.703872,8058.012500,6106.393951,9296.711940
137.198000,CONNECTED,-97,-80,19,872.029852,0.662882,7828.912500,6128.321431,9318.639420
138.200000,CONNECTED,-97,-82,20,973.487076,0.854217,7994.575000,5897.593171,9087.911160
139.202000,CONNECTED,-97,-82,20,691.292685,0.713302,8472.350000,5732.239231,8922.557220
140.203000,CONNECTED,-97,-78,19,616.330846,0.542404,7870.237500,5553.950351,8744.268340
141.205000,CONNECTED,-97,-78,20,264.101642,0.657024,6939.337500,4505.927811,7696.245800
142.205000,CONNECTED,-97,-76,20,724.210411,0.526752,7940.562500,5909.146211,9099.464200
143.207000,CONNECTED,-96,-79,21,799.418056,0.671520,8362.875000,5716.312691,8906.630680
144.207000,CONNECTED,-96,-79,18,551.264751,0.449086,7101.375000,5368.420371,8558.738360
145.209000,CONNECTED,-97,-79,20,853.504203,0.629856,8022.125000,5946.449591,9136.767580
146.209000,CONNECTED,-96,-79,18,458.430542,0.459935,7727.412500,5742.164831,8932.482820
147.210000,CONNECTED,-96,-79,19,361.680368,0.456128,7134.725000,4783.018131,7973.336120
148.210000,CONNECTED,-96,-79,20,533.786130,0.413471,8156.975000,5603.144351,8793.462340
149.211000,CONNECTED,-101,-82,18,385.115729,0.362347,7461.337500,5466.150311,8656.468300
150.213000,CONNECTED,-101,-77,18,213.241726,0.428768,8203.737500,3877.104811,7067.422800
151.214000,CONNECTED,-101,-77,19,513.728599,4.334209,7843.775000,6091.213551,9281.531540
152.213000,CONNECTED,-95,-81,19,619.337810,1.054145,8312.125000,5998.332371,9188.650360
153.213000,CONNECTED,-95,-81,20,148.807683,0.175777,6738.150000,3407.227551,6597.545540
154.214000,CONNECTED,-101,-83,19,100.338516,2.823048,7115.875000,4164.651251,7354.969240
155.215000,CONNECTED,-93,-86,21,63.320282,1.431935,5462.150000,4066.509451,7256.827440
156.216000,CONNECTED,-93,-86,19,63.602563,1.160259,6289.375000,3088.672611,6278.990600
157.217000,CONNECTED,-93,-93,17,43.362967,1.033286,5238.125000,2885.976431,6076.294420
158.219000,CONNECTED,-93,-91,16,34.878179,0.719186,5847.368500,2709.979071,5900.297060
159.220000,CONNECTED,-93,-91,16,117.780391,1.776459,6672.666000,4511.075851,7701.393840
160.224000,CONNECTED,-93,-91,18,47.445238,0.692572,6027.615000,3338.586711,6528.904700
161.224000,CONNECTED,-94,-91,18,60.732007,0.864416,6791.367000,3580.837851,6771.155840
162.225000,CONNECTED,-94,-88,17,51.646410,0.852384,5500.902000,3379.988531,6570.306520
163.226000,CONNECTED,-99,-88,17,52.138622,0.759360,6509.679000,2954.184231,6144.502220
164.227000,CONNECTED,-97,-91,18,39.929631,0.631463,5234.097000,2810.356951,6000.674940
165.229000,CONNECTED,-96,-91,18,52.702642,0.596328,5423.583000,2831.736611,6022.054600
166.231000,CONNECTED,-96,-91,18,55.383197,0.602368,5698.737000,2970.858811,6161.176800
167.231000,CONNECTED,-97,-91,18,44.151401,0.526402,5409.426000,3125.130991,6315.448980
168.235000,CONNECTED,-97,-91,18,49.340888,0.586792,5266.767000,2756.050731,5946.368720
169.239000,CONNECTED,-97,-91,18,46.593665,0.528096,6040.320000,2892.306671,6082.624660
170.239000,CONNECTED,-97,-91,13,42.942635,0.626344,5062.398000,2898.803471,6089.121460
171.240000,CONNECTED,-97,-91,13,47.686979,0.593660,5592.741000,2875.545051,6065.863040
172.242000,CONNECTED,-96,-93,16,55.541101,0.732916,5803.281000,2891.918871,6082.236860
173.244000,CONNECTED,-95,-93,16,51.304987,0.729400,6045.765000,3374.945651,6565.263640
174.246000,CONNECTED,-93,-93,15,54.619250,0.761406,5461.335000,2888.309411,6078.627400
175.248000,CONNECTED,-93,-93,15,55.375486,0.691130,5680.950000,2762.044711,5952.362700
176.250000,CONNECTED,-93,-96,14,55.279108,0.731884,5278.383000,2976.905171,6167.223160
177.252000,CONNECTED,-93,-96,14,63.948036,0.691985,5521.593000,2863.757491,6054.075480
178.252000,CONNECTED,-93,-93,18,51.908684,0.737697,5019.564000,2783.156911,5973.474900
179.255000,CONNECTED,-94,-93,18,55.950712,0.731928,5310.327000,3074.181551,6264.499540
180.255000,CONNECTED,-94,-99,13,57.951363,0.759122,5305.971000,3016.239351,6206.557340
181.258000,CONNECTED,-92,-99,12,63.485789,0.753632,5622.144000,2906.262711,6096.580700
182.258000,CONNECTED,-92,-99,14,54.007968,0.920544,5690.025000,2858.335531,6048.653520
183.258000,CONNECTED,-92,-97,14,55.416763,0.780814,5602.179000,2760.114991,5950.432980
184.260000,CONNECTED,-92,-97,14,55.287855,0.633865,5305.971000,2986.931371,6177.249360
185.261000,CONNECTED,-92,-102,11,50.836882,0.680293,6056.655000,3051.654811,6241.972800
186.262000,CONNECTED,-92,-102,10,45.558292,0.673375,5825.787000,3283.094831,6473.412820
187.265000,CONNECTED,-92,-102,9,42.141310,0.575008,6355.404000,3114.671571,6304.989560
188.265000,CONNECTED,-95,-104,8,40.538992,0.545937,5448.603000,2962.466611,6152.784600
189.268000,CONNECTED,-95,-108,5,45.582622,0.563136,5414.010000,2819.180291,6009.498280
190.269000,CONNECTED,-96,-108,6,44.477567,0.514048,5627.895000,2872.587011,6062.905000
191.269000,CONNECTED,-95,-106,7,37.430921,0.578167,5909.400000,3046.213691,6236.531680
192.271000,CONNECTED,-96,-108,6,41.658618,0.502272,5844.720000,3236.785711,6427.103700
193.271000,CONNECTED,-96,-108,5,41.041590,0.577837,5837.737500,2992.114971,6182.432960
194.273000,CONNECTED,-96,-108,5,44.974929,0.567200,5943.210000,2952.376531,6142.694520
195.274000,CONNECTED,-96,-108,5,44.783638,0.548769,5452.965000,2981.863031,6172.181020
196.276000,CONNECTED,-95,-103,9,51.836575,0.625631,5610.622500,2876.811911,6067.129900
197.279000,CONNECTED,-94,-103,9,43.802424,0.528023,5669.055000,2982.830131,6173.148120
198.281000,CONNECTED,-94,-103,9,42.999907,0.514960,5909.400000,3254.876671,6445.194660
199.283000,CONNECTED,-97,-106,6,44.020803,0.526048,5598.127500,3162.596111,6352.914100
200.283000,CONNECTED,-97,-106,6,47.403579,0.538418,6101.602500,3026.902371,6217.220360
201.283000,CONNECTED,-96,-106,7,48.093636,0.613840,5855.377500,3074.070171,6264.388160
202.284000,CONNECTED,-96,-106,7,50.054218,0.580417,5824.140000,3015.535291,6205.853280
203.285000,CONNECTED,-95,-106,7,38.570388,0.564285,6334.965000,2859.740251,6050.058240
204.286000,CONNECTED,-95,-109,5,50.703660,0.612739,5626.792500,3281.642071,6471.960060
205.287000,CONNECTED,-96,-111,3,45.830689,0.535746,6398.910000,3295.058051,6485.376040
220.306000,CONNECTED,-97,-109,6,14.268810,0.524592,6726.834400,4010.564511,7200.882500
221.307000,CONNECTED,-97,-106,10,14.249769,0.535239,6586.823200,3758.362431,6948.680420
222.308000,CONNECTED,-97,-106,12,133.559576,1.739130,6636.086400,3758.612731,6948.930720
223.314000,CONNECTED,-97,-101,12,360.714961,3.471680,8008.418400,6168.358211,9358.676200
224.314000,CONNECTED,-98,-101,11,340.070618,0.977443,7944.709600,5240.014171,8430.332160
225.316000,CONNECTED,-98,-103,11,113.506921,1.439808,5913.436000,4006.979651,7197.297640
226.316000,CONNECTED,-98,-101,12,346.454061,3.106337,7966.933600,5685.126851,8875.444840
236.329000,CONNECTED,-95,-102,13,863.022166,2.101823,9540.763200,6475.190011,9665.508000
237.330000,CONNECTED,-94,-93,18,751.957490,0.535874,8141.392000,6100.990331,9291.308320
238.331000,CONNECTED,-94,-95,16,735.142934,0.510432,8515.496000,6244.326911,9434.644900
239.331000,CONNECTED,-102,-98,14,579.140996,0.438509,8387.708000,4927.216551,8117.534540
240.333000,CONNECTED,-102,-93,17,598.451645,0.402688,8949.604800,6155.710371,9346.028360
241.333000,CONNECTED,-95,-98,14,916.674795,0.653120,8037.309600,6205.025451,9395.343440
242.333000,CONNECTED,-95,-92,17,682.002738,0.542579,8911.453600,6318.031271,9508.349260
243.335000,CONNECTED,-96,-92,17,650.736889,0.490632,8324.369600,6277.786531,9468.104520
244.337000,CONNECTED,-96,-95,15,451.608743,0.379449,8221.398400,5830.303271,9020.621260
245.338000,CONNECTED,-96,-92,17,660.648657,0.469280,8660.692800,6168.798031,9359.116020
246.338000,CONNECTED,-96,-94,17,713.753190,0.534304,8118.427200,6232.282471,9422.600460
247.338000,CONNECTED,-96,-92,17,469.903245,0.375952,9379.639200,5884.649691,9074.967680
248.340000,CONNECTED,-96,-92,17,284.437598,0.359017,8448.046300,6039.605591,9229.923580
249.343000,CONNECTED,-96,-88,18,142.982317,1.789962,7412.943500,4570.480551,7760.798540
250.344000,CONNECTED,-96,-93,17,296.749022,3.208514,7774.559400,5878.326731,9068.644720
251.345000,CONNECTED,-96,-89,19,234.816789,0.637254,7524.238000,5215.644171,8405.962160
252.347000,CONNECTED,-97,-89,18,363.455860,2.074250,8616.383700,5678.082291,8868.400280
253.350000,CONNECTED,-97,-89,20,464.878064,0.961705,8684.984900,6048.740311,9239.058300
254.353000,CONNECTED,-104,-85,19,446.837690,0.367831,8259.876400,6174.369631,9364.687620
255.355000,CONNECTED,-95,-85,19,556.033214,0.430560,8591.570500,6121.151411,9311.469400
256.355000,CONNECTED,-95,-85,19,426.148540,0.307881,8002.621900,5884.007271,9074.325260
257.356000,CONNECTED,-94,-89,19,414.840236,0.348695,8243.455900,5890.635211,9080.953200
258.357000,CONNECTED,-94,-89,18,415.841777,0.331947,7900.449900,5912.647991,9102.965980
259.359000,CONNECTED,-97,-89,18,333.574114,0.288437,8074.872100,5807.635931,8997.953920
260.361000,CONNECTED,-96,-83,18,223.232387,0.245664,7476.801000,4885.915391,8076.233380
261.362000,CONNECTED,-97,-80,19,509.828393,3.467015,7627.139800,5963.956991,9154.274980
262.362000,CONNECTED,-97,-80,19,825.099744,1.596667,8639.007500,6152.628171,9342.946160
263.363000,CONNECTED,-97,-78,19,537.506494,0.389376,8024.515900,5915.601331,9105.919320
264.363000,CONNECTED,-97,-78,18,662.068321,0.473680,8717.825900,6377.255531,9567.573520
265.366000,CONNECTED,-97,-78,20,713.182395,0.535643,8505.089200,6136.043971,9326.361960
266.368000,CONNECTED,-94,-78,18,401.168759,0.383969,8033.273500,5318.793951,8509.111940
267.370000,CONNECTED,-94,-78,17,551.336970,0.411016,8526.983200,6386.173311,9576.491300
268.371000,CONNECTED,-95,-78,19,708.943005,0.521648,8458.746900,6316.144371,9506.462360
269.371000,CONNECTED,-95,-78,18,449.324045,0.363520,8658.347200,5677.260331,8867.578320
270.371000,CONNECTED,-95,-78,19,435.049017,0.474208,8774.750300,6191.788171,9382.106160
271.371000,CONNECTED,-95,-80,15,782.436598,0.570912,8179.598400,6340.636811,9530.954800
272.371000,CONNECTED,-94,-80,19,769.622823,0.567395,8953.916200,6357.330171,9547.648160
273.373000,CONNECTED,-94,-78,17,354.036848,0.385658,9170.301900,6251.100631,9441.418620
274.375000,CONNECTED,-94,-82,19,349.183206,0.400736,8338.329900,5740.052391,8930.370380
275.375000,CONNECTED,-95,-82,16,507.205279,0.417818,8367.521900,5963.154991,9153.472980
276.376000,CONNECTED,-95,-82,19,626.212987,0.410102,8177.409000,6179.229591,9369.547580
277.378000,CONNECTED,-93,-82,18,629.322081,0.487029,8095.671400,6277.292291,9467.610280
278.380000,CONNECTED,-95,-80,20,590.641752,0.489045,8487.669100,6277.543091,9467.861080
279.381000,CONNECTED,-94,-80,18,519.060426,0.425564,8529.262500,6325.376791,9515.694780
280.384000,CONNECTED,-94,-80,18,203.910344,0.340899,8603.937500,6233.686051,9424.004040
281.386000,CONNECTED,-95,-88,18,98.905858,0.854744,6602.937500,4173.703991,7364.021980
282.386000,CONNECTED,-95,-84,19,60.176836,1.913017,6300.975000,4095.303111,7285.621100
283.387000,CONNECTED,-95,-84,18,260.915098,4.667201,7905.400000,6030.791911,9221.109900
284.390000,CONNECTED,-95,-84,18,221.373937,1.186765,8294.725000,5388.094251,8578.412240
285.391000,CONNECTED,-95,-89,15,248.189864,2.755851,7193.812500,5058.547651,8248.865640
286.392000,CONNECTED,-95,-89,15,372.667684,1.135322,8461.475000,6506.533391,9696.851380
287.394000,CONNECTED,-103,-87,19,507.148937,0.428076,8748.575000,6081.182211,9271.500200
288.395000,CONNECTED,-94,-87,20,340.857365,0.294630,8210.625000,6029.409531,9219.727520
289.396000,CONNECTED,-94,-87,17,77.987297,0.178816,7379.412500,4652.597851,7842.915840
290.396000,CONNECTED,-103,-89,17,186.112258,2.775933,7069.837500,4943.435771,8133.753760
291.397000,CONNECTED,-103,-84,20,359.711321,2.845662,8588.712500,5795.216311,8985.534300
292.399000,CONNECTED,-103,-84,20,348.628399,0.742560,8032.637500,6381.638471,9571.956460
293.399000,CONNECTED,-100,-84,18,372.522479,0.379100,8462.200000,6198.802631,9389.120620
294.402000,CONNECTED,-100,-84,19,270.694528,0.315744,8143.200000,5945.836291,9136.154280
295.403000,CONNECTED,-94,-82,19,212.404045,1.280807,7907.937500,5741.146751,8931.464740
296.404000,CONNECTED,-93,-86,18,60.503973,0.678627,6235.725000,3829.194311,7019.512300
297.405000,CONNECTED,-102,-86,15,52.918152,0.947342,6123.712500,3656.964251,6847.282240
298.406000,CONNECTED,-102,-86,15,268.819822,3.483008,8394.050000,6165.658751,9355.976740
299.407000,CONNECTED,-95,-84,17,176.387242,0.964403,7836.525000,5427.705731,8618.023720
300.408000,CONNECTED,-95,-89,18,133.149718,1.205423,6672.900000,4390.582251,7580.900240
301.409000,CONNECTED,-95,-87,18,226.241472,2.125760,7753.875000,5359.168691,8549.486680
302.409000,CONNECTED,-101,-84,18,177.723633,1.292586,7934.762500,5790.174791,8980.492780
303.411000,CONNECTED,-101,-90,18,96.406476,1.030520,6894.750000,4742.453251,7932.771240
304.413000,CONNECTED,-91,-88,18,77.266639,1.211308,7641.500000,4225.618391,7415.936380
305.415000,CONNECTED,-91,-88,17,55.996092,0.832186,6627.225000,4915.632631,8105.950620
306.418000,CONNECTED,-91,-88,19,54.651666,0.840736,6682.325000,3989.997051,7180.315040
307.418000,CONNECTED,-91,-88,19,80.732405,1.048128,6909.612500,4409.262111,7599.580100
308.418000,CONNECTED,-99,-88,16,51.898444,0.760862,6419.162600,4077.353371,7267.671360
309.419000,CONNECTED,-99,-90,16,86.789578,1.030270,8025.738500,4949.775611,8140.093600
310.420000,CONNECTED,-99,-90,16,68.135710,0.927450,6846.619000,4663.816631,7854.134620
311.421000,CONNECTED,-99,-90,15,60.567980,0.876960,5985.733000,3921.054631,7111.372620
312.421000,CONNECTED,-99,-90,15,39.726398,0.516878,7327.464300,4744.088531,7934.406520
313.422000,CONNECTED,-97,-90,14,53.697135,0.683521,5480.238400,3384.070651,6574.388640
314.424000,CONNECTED,-100,-88,17,55.916537,0.752582,6588.721100,4087.540251,7277.858240
315.426000,CONNECTED,-93,-90,16,81.183886,0.975866,6402.931600,4557.183551,7747.501540
316.426000,CONNECTED,-93,-90,17,129.239125,1.503840,7600.814000,5296.655811,8486.973800
317.426000,CONNECTED,-98,-85,18,86.235089,0.870330,8075.772900,5128.094131,8318.412120
318.427000,CONNECTED,-98,-87,19,54.726035,0.719296,5862.854400,3578.427491,6768.745480
319.429000,CONNECTED,-95,-83,21,59.565010,0.802981,6546.412600,3440.019931,6630.337920
320.432000,CONNECTED,-92,-83,21,58.475532,0.778990,5873.891400,3363.000951,6553.318940
321.433000,CONNECTED,-92,-89,16,85.856984,1.005727,6607.484000,4033.407151,7223.725140
322.435000,CONNECTED,-93,-87,15,135.606797,1.344800,7351.745700,5221.125471,8411.443460
323.437000,CONNECTED,-93,-87,17,53.217500,0.647072,6381.961300,3829.559851,7019.877840
324.437000,CONNECTED,-90,-87,18,102.170315,1.301716,7118.497100,4790.463971,7980.781960
325.439000,CONNECTED,-90,-89,17,69.418747,0.755072,5855.864300,3414.565411,6604.883400
326.440000,CONNECTED,-91,-89,17,82.182202,1.016988,6916.152100,4304.620691,7494.938680
327.441000,CONNECTED,-91,-89,17,81.619114,1.048015,6071.085800,3771.584011,6961.902000
328.444000,CONNECTED,-91,-89,14,63.424978,0.861137,6021.051400,3395.642151,6585.960140
329.447000,CONNECTED,-92,-89,16,74.646209,1.029728,5783.020100,3381.473631,6571.791620
330.447000,CONNECTED,-92,-89,17,84.149539,1.000896,6080.651200,3740.088831,6930.406820
331.447000,CONNECTED,-83,-89,17,75.902987,0.937946,5881.617300,3215.736531,6406.054520
332.448000,CONNECTED,-84,-89,14,71.733612,0.967442,5865.797600,3340.644451,6530.962440
333.449000,CONNECTED,-90,-91,12,76.972036,0.942827,5918.775200,3223.959531,6414.277520
334.450000,CONNECTED,-90,-99,12,76.399075,0.955936,5881.617300,3293.924871,6484.242860
335.450000,CONNECTED,-89,-96,13,76.076896,1.037696,5721.212900,3384.123551,6574.441540
336.450000,CONNECTED,-89,-96,13,79.280331,1.013346,6228.914900,3744.843751,6935.161740
337.451000,CONNECTED,-90,-96,13,72.704960,0.988896,6286.675200,3545.099171,6735.417160
338.451000,CONNECTED,-90,-96,12,65.079906,0.946112,6046.893400,3425.532231,6615.850220
339.451000,CONNECTED,-90,-96,12,70.962911,1.058042,5511.483000,3312.840951,6503.158940
340.455000,CONNECTED,-84,-99,10,78.675742,1.007632,5894.362800,3165.683731,6356.001720
341.457000,CONNECTED,-85,-99,12,70.106156,0.962554,6349.699200,3312.845531,6503.163520
342.459000,CONNECTED,-88,-99,12,78.090971,0.959023,5979.692400,3788.908571,6979.226560
343.461000,CONNECTED,-88,-99,12,73.119458,0.944063,6024.564000,3622.935311,6813.253300
344.463000,CONNECTED,-87,-101,10,74.109536,0.936000,6229.796400,3350.004091,6540.322080
345.463000,CONNECTED,-87,-99,9,75.034463,0.908896,5785.861800,3483.945091,6674.263080
346.463000,CONNECTED,-91,-99,9,85.739736,1.051150,6086.722200,3714.681111,6904.999100
347.465000,CONNECTED,-91,-99,9,71.860617,1.010146,6366.985800,3360.231571,6550.549560
348.466000,CONNECTED,-91,-99,9,74.610276,0.907255,6078.630600,3527.676951,6717.994940
349.468000,CONNECTED,-90,-99,9,77.304663,0.955488,6485.785200,3785.783231,6976.101220
350.468000,CONNECTED,-88,-99,9,82.755875,1.068576,5702.739000,3455.748351,6646.066340
351.468000,CONNECTED,-92,-99,9,81.081281,1.095818,6140.788800,3426.201311,6616.519300
352.469000,CONNECTED,-92,-102,9,76.170177,0.945472,5824.480800,3320.807291,6511.125280
353.470000,CONNECTED,-92,-105,8,83.713425,1.027855,5672.947200,3389.920771,6580.238760
354.470000,CONNECTED,-92,-105,9,85.250113,1.087551,5967.187200,3299.476471,6489.794460
355.472000,CONNECTED,-90,-107,5,73.521873,1.075254,6194.855400,3687.839191,6878.157180
356.473000,CONNECTED,-89,-104,9,67.878817,0.937738,6006.541800,3415.744051,6606.062040
357.474000,CONNECTED,-89,-104,9,83.511157,0.996353,6390.157200,3648.819551,6839.137540
358.475000,CONNECTED,-90,-104,8,76.649160,1.082425,6539.851800,3582.424031,6772.742020
359.476000,CONNECTED,-91,-104,8,69.003617,0.897044,5984.473800,3460.650271,6650.968260
360.477000,CONNECTED,-91,-104,8,72.073886,1.016736,5875.237200,3385.172611,6575.490600
361.478000,CONNECTED,-91,-104,8,80.067939,0.936778,6268.047600,3801.372451,6991.690440
362.481000,CONNECTED,-90,-104,6,79.256832,1.045944,6266.944200,3782.748511,6973.066500
363.483000,CONNECTED,-90,-104,5,77.617226,1.015917,6114.675000,3538.091371,6728.409360
364.485000,CONNECTED,-90,-104,10,69.884060,0.928526,6736.624800,3491.049551,6681.367540
365.486000,CONNECTED,-90,-104,10,75.100992,0.964768,5883.696600,3466.808491,6657.126480
366.486000,CONNECTED,-91,-104,10,75.885866,0.960124,5888.478000,3560.352251,6750.670240
367.488000,CONNECTED,-92,-104,8,75.932425,0.897556,6435.396600,3589.663691,6779.981680
368.491000,CONNECTED,-92,-104,10,65.001688,0.902460,6550.600600,3818.044251,7008.362240
369.492000,CONNECTED,-92,-102,8,76.399953,0.942384,6515.477200,3397.532131,6587.850120
370.498000,CONNECTED,-92,-99,10,72.633117,1.142357,6912.951600,4447.876051,7638.194040
371.499000,CONNECTED,-91,-49,4,49.905990,0.756480,6393.205800,4082.706411,7273.024400
374.502000,CONNECTED,-92,-104,7,55.598263,0.794848,7564.573200,5383.017951,8573.335940
375.502000,CONNECTED,-92,-99,13,55.404033,0.820960,7299.344000,4990.544171,8180.862160
376.503000,CONNECTED,-92,-99,10,131.326924,1.702622,7503.252800,5337.031411,8527.349400
377.503000,CONNECTED,-91,-99,11,174.169250,1.712206,8620.318400,6070.815291,9261.133280
378.504000,CONNECTED,-91,-99,9,259.045590,1.951794,8272.713000,6081.324571,9271.642560
379.505000,CONNECTED,-91,-94,12,210.918880,1.463900,8278.254000,6105.330351,9295.648340
380.507000,CONNECTED,-92,-94,11,228.053585,1.766240,8954.256000,6228.846391,9419.164380
381.507000,CONNECTED,-92,-94,7,199.416018,1.665769,8669.448600,5929.406431,9119.724420
382.508000,CONNECTED,-92,-99,10,279.614585,2.605014,8457.043600,5995.528031,9185.846020
383.509000,CONNECTED,-92,-96,14,120.041997,1.212764,8139.729000,5083.965851,8274.283840
384.511000,CONNECTED,-91,-96,11,263.047105,2.382784,8523.535600,6024.979831,9215.297820
385.511000,CONNECTED,-91,-96,11,290.898834,1.297824,8256.090000,6181.346211,9371.664200
386.511000,CONNECTED,-92,-93,15,124.647695,0.968809,8515.408800,6040.825311,9231.143300
387.512000,CONNECTED,-96,-90,14,108.121875,1.264665,7380.612000,5148.287211,8338.605200
388.515000,CONNECTED,-96,-90,13,430.329945,3.850913,8909.558600,6086.815131,9277.133120
389.515000,CONNECTED,-90,-92,13,552.839425,2.028495,8403.480600,6089.081051,9279.399040
390.516000,CONNECTED,-90,-95,14,515.045543,0.413512,8141.206600,5630.388451,8820.706440
391.517000,CONNECTED,-91,-95,14,563.828975,0.471213,8523.905000,6004.834691,9195.152680
392.519000,CONNECTED,-93,-93,14,582.052043,0.437022,7847.533600,5977.828111,9168.146100
393.625000,CONNECTED,-92,-93,12,798.072060,0.682743,8852.301600,6714.443331,9904.761320
394.629000,CONNECTED,-91,-91,14,1015.165010,0.834451,8684.224600,6501.079891,9691.397880
395.630000,CONNECTED,-90,-89,15,1132.588669,0.872352,8605.542400,6643.788251,9834.106240
396.630000,CONNECTED,-90,-89,14,1308.274126,0.953888,9392.733800,6733.402391,9923.720380
397.630000,CONNECTED,-90,-89,14,1442.735981,1.061728,9301.861400,6901.675711,10091.993700
398.630000,CONNECTED,-91,-87,17,1364.862175,0.986690,9991.162000,7083.437131,10273.755120
399.633000,CONNECTED,-91,-89,16,1378.329738,0.916106,9388.044000,7205.922991,10396.240980
400.635000,CONNECTED,-93,-89,18,1397.369817,0.888204,8857.993500,6839.609751,10029.927740
401.637000,CONNECTED,-93,-87,17,873.297605,0.629120,7308.369000,6082.979051,9273.297040
402.637000,CONNECTED,-94,-90,16,1342.934753,0.762944,8637.228000,6484.155911,9674.473900
403.637000,CONNECTED,-92,-90,16,1399.689900,0.789992,8775.517500,6703.567771,9893.885760
404.637000,CONNECTED,-92,-87,16,1730.720428,0.977263,8794.359000,7037.535791,10227.853780
405.639000,CONNECTED,-92,-87,17,1327.470768,0.743215,9351.072000,7100.670751,10290.988740
406.641000,CONNECTED,-92,-85,16,1847.984658,1.075282,9278.905500,7302.815931,10493.133920
407.642000,CONNECTED,-93,-87,16,1826.263378,1.092601,8777.650500,7184.044851,10374.362840
408.643000,CONNECTED,-93,-87,17,1422.968185,0.822420,8354.961000,6870.119651,10060.437640
409.644000,CONNECTED,-92,-84,16,1955.328168,1.005620,8963.221500,6827.986651,10018.304640
410.646000,CONNECTED,-94,-86,16,1946.439729,0.994240,9219.181500,7424.119871,10614.437860
411.646000,CONNECTED,-95,-84,17,2034.523605,0.956672,9832.419000,7701.384491,10891.702480
412.650000,CONNECTED,-94,-84,18,2028.568622,0.972896,9564.727500,7826.032451,11016.350440
413.652000,CONNECTED,-93,-84,18,2055.188517,1.067732,10091.934000,7660.244851,10850.562840
414.654000,CONNECTED,-93,-84,18,1859.526433,1.097824,9241.222500,7547.618391,10737.936380
415.654000,CONNECTED,-93,-84,17,1901.564574,1.163552,9165.145500,7203.441671,10393.759660
416.654000,CONNECTED,-93,-84,18,1598.001099,1.067131,9245.844000,6940.180031,10130.498020
417.655000,CONNECTED,-93,-84,18,1796.334340,1.036751,9071.649000,7241.174731,10431.492720
418.657000,CONNECTED,-93,-86,18,1674.707204,0.856070,9481.185000,7737.841651,10928.159640
419.661000,CONNECTED,-93,-88,17,1666.160691,0.916955,9342.895500,6786.377931,9976.695920
420.664000,CONNECTED,-95,-83,18,1096.669028,0.653216,8460.544500,6046.865491,9237.183480
421.664000,CONNECTED,-94,-86,18,1740.252050,0.938736,8861.904000,6912.680511,10102.998500
422.665000,CONNECTED,-94,-86,18,1437.320570,0.882617,8966.065500,6567.106431,9757.424420
423.666000,CONNECTED,-94,-80,18,1961.436724,0.965396,9676.710000,7611.922651,10802.240640
424.668000,CONNECTED,-94,-80,18,2002.571444,0.987650,10160.545500,7861.262591,11051.580580
425.669000,CONNECTED,-94,-82,19,775.170953,0.458592,8092.246500,6906.171171,10096.489160
426.669000,CONNECTED,-94,-79,19,429.734006,4.050009,7363.471500,4266.776811,7457.094800
427.671000,CONNECTED,-92,-82,19,586.641475,2.977478,8338.252500,7101.594791,10291.912780
428.672000,CONNECTED,-92,-80,19,57.872445,0.955520,6696.816600,4382.004251,7572.322240
429.672000,CONNECTED,-95,-80,19,56.494525,1.956173,6814.777200,3944.997751,7135.315740
430.673000,CONNECTED,-95,-82,19,193.770932,3.124128,6340.871600,4195.201351,7385.519340
431.673000,CONNECTED,-94,-78,19,363.850084,3.226878,9376.141600,7545.469531,10735.787520
432.674000,CONNECTED,-94,-80,18,491.241145,3.032152,8009.444800,5862.760071,9053.078060
433.676000,CONNECTED,-96,-80,19,730.694284,1.521120,8880.961600,5143.392811,8333.710800
434.676000,CONNECTED,-96,-80,20,66.222267,0.330313,7020.918800,4807.449691,7997.767680
435.678000,CONNECTED,-96,-83,19,55.561374,1.217760,6508.132400,3874.431411,7064.749400
436.678000,CONNECTED,-96,-83,19,55.276597,1.814660,6993.408800,4214.444351,7404.762340
437.681000,CONNECTED,-96,-83,18,59.702731,1.630208,7048.428800,4764.088351,7954.406340
438.681000,CONNECTED,-95,-77,21,48.163610,1.464096,6726.745200,4003.757571,7194.075560
439.682000,CONNECTED,-98,-82,19,39.410233,0.743888,6688.964800,3896.286411,7086.604400
440.683000,CONNECTED,-97,-82,19,95.284611,1.500073,6799.738400,4380.527551,7570.845540
441.685000,CONNECTED,-97,-82,20,310.433320,3.282347,7312.158000,5305.638951,8495.956940
442.687000,CONNECTED,-98,-79,19,443.342908,1.314976,8569.181600,6359.356371,9549.674360
443.687000,CONNECTED,-98,-77,19,182.383302,0.203546,8673.719600,5941.996011,9132.314000
444.689000,CONNECTED,-98,-79,20,72.380026,1.535104,7651.081200,4244.541631,7434.859620
445.689000,CONNECTED,-95,-82,19,76.561795,1.274565,7678.591200,4814.754911,8005.072900
446.690000,CONNECTED,-95,-78,20,86.951280,1.194768,7711.603200,4685.218611,7875.536600
447.691000,CONNECTED,-98,-80,20,40.805155,0.733594,6734.081200,4147.938111,7338.256100
448.693000,CONNECTED,-98,-80,19,207.315265,2.779470,7889.501200,5231.908331,8422.226320
449.694000,CONNECTED,-103,-84,19,112.395538,1.254125,7962.127600,5982.338151,9172.656140
450.696000,CONNECTED,-103,-82,19,165.528020,2.076549,8081.704400,5071.469691,8261.787680
451.697000,CONNECTED,-97,-84,19,260.724801,2.073092,8197.613200,6071.805591,9262.123580
452.698000,CONNECTED,-97,-84,19,278.022160,1.937601,8416.226000,5974.492051,9164.810040
453.702000,CONNECTED,-97,-81,20,228.749532,1.552153,7769.924400,5584.746451,8775.064440
454.702000,CONNECTED,-103,-81,19,290.726884,2.134912,7673.822800,5551.214951,8741.532940
455.702000,CONNECTED,-103,-81,19,342.384232,0.931873,8288.212800,5735.200351,8925.518340
456.705000,CONNECTED,-102,-79,19,438.387508,0.357344,7955.525200,5829.076711,9019.394700
457.705000,CONNECTED,-98,-76,19,307.095833,0.202460,7790.465200,4830.696531,8021.014520
458.706000,CONNECTED,-96,-76,19,450.320106,0.362830,8256.588000,5524.119951,8714.437940
459.708000,CONNECTED,-96,-80,19,487.433555,0.378169,7674.120000,5778.903491,8969.221480
460.709000,CONNECTED,-97,-82,19,568.153781,0.415584,7753.320000,5703.496011,8893.814000
461.709000,CONNECTED,-97,-82,19,487.020171,0.338208,7895.520000,5816.677271,9006.995260
462.710000,CONNECTED,-97,-82,20,667.006391,0.482733,8370.720000,6170.475171,9360.793160
463.710000,CONNECTED,-98,-80,19,875.656366,0.598193,8447.040000,6522.982631,9713.300620
464.710000,CONNECTED,-98,-82,19,796.011809,0.539078,8997.480000,6643.475191,9833.793180
465.713000,CONNECTED,-98,-82,19,861.079792,0.568640,8692.920000,6110.421931,9300.739920
466.715000,CONNECTED,-98,-82,19,1022.472527,0.659093,8395.560000,6498.037211,9688.355200
467.717000,CONNECTED,-98,-80,19,942.325051,0.654553,8165.880000,6610.510551,9800.828540
468.718000,CONNECTED,-98,-80,19,1288.887245,0.801216,10140.120000,7072.723891,10263.041880
469.718000,CONNECTED,-98,-83,20,1496.859338,0.916346,9701.280000,7445.408051,10635.726040
470.718000,CONNECTED,-98,-80,20,1448.921774,0.890958,9617.760000,6854.102551,10044.420540
471.720000,CONNECTED,-98,-80,21,1108.017756,0.710912,8524.440000,6255.637811,9445.955800
472.720000,CONNECTED,-96,-80,19,1759.780697,0.957216,9313.200000,7504.977091,10695.295080
473.720000,CONNECTED,-96,-80,20,1805.011308,0.903004,9807.120000,7559.400351,10749.718340
474.721000,CONNECTED,-97,-80,19,1082.201430,0.751401,8964.360000,7440.451231,10630.769220
475.722000,CONNECTED,-97,-83,20,921.706561,0.639126,9044.640000,6992.999451,10183.317440
476.724000,CONNECTED,-97,-83,19,759.503877,0.578210,8713.440000,6738.896811,9929.214800
477.726000,CONNECTED,-97,-83,20,439.072363,0.412401,8867.880000,6608.158091,9798.476080
478.728000,CONNECTED,-98,-79,20,141.466812,0.256133,8030.880000,5982.425611,9172.743600
479.729000,CONNECTED,-98,-76,19,142.984750,2.584440,7794.360000,4694.133231,7884.451220
480.730000,CONNECTED,-100,-72,19,538.917637,3.133966,9188.640000,7678.169251,10868.487240
481.731000,CONNECTED,-99,-72,20,542.822099,0.630074,8822.520000,6560.942011,9751.260000
482.732000,CONNECTED,-99,-75,19,741.290678,0.527888,8990.640000,7104.028151,10294.346140
483.733000,CONNECTED,-99,-77,19,467.195299,0.335544,9010.080000,7193.095471,10383.413460
484.735000,CONNECTED,-100,-79,19,272.217556,0.355785,7268.400000,6072.243931,9262.561920
485.736000,CONNECTED,-100,-79,19,465.355834,0.319072,8383.680000,5769.091891,8959.409880
486.736000,CONNECTED,-100,-80,19,758.058769,0.546093,9468.000000,6991.379591,10181.697580
487.737000,CONNECTED,-101,-81,19,525.831453,0.410629,8461.080000,7166.480651,10356.798640
488.739000,CONNECTED,-101,-82,19,875.906714,0.743392,9627.390000,7357.403931,10547.721920
489.739000,CONNECTED,-98,-83,20,542.617445,0.500881,8727.547500,7062.515471,10252.833460
490.741000,CONNECTED,-96,-83,20,689.631972,0.579537,7403.205000,6143.529251,9333.847240
491.742000,CONNECTED,-96,-82,19,725.582537,0.519325,8831.535000,7018.590711,10208.908700
492.744000,CONNECTED,-98,-81,19,540.093117,0.441269,9435.015000,6956.516991,10146.834980
493.745000,CONNECTED,-100,-81,19,480.146462,0.378375,9016.597500,7192.928331,10383.246320
494.749000,CONNECTED,-100,-82,20,421.338884,0.441210,8637.660000,7109.331111,10299.649100
495.750000,CONNECTED,-100,-82,18,437.519697,0.389425,9209.062500,6863.800511,10054.118500
496.752000,CONNECTED,-99,-81,18,562.884416,0.469178,8163.195000,7011.302671,10201.620660
497.753000,CONNECTED,-99,-81,19,581.527844,0.433097,8879.827500,7102.028351,10292.346340
498.754000,CONNECTED,-100,-80,20,711.253087,0.562128,9240.435000,7119.131191,10309.449180
499.755000,CONNECTED,-100,-81,19,321.469089,0.417554,8998.972500,6977.737471,10168.055460
500.756000,CONNECTED,-100,-83,19,575.129838,0.476320,9307.057500,7125.645311,10315.963300
501.756000,CONNECTED,-99,-82,17,498.968722,0.413770,8909.437500,7002.098731,10192.416720
502.757000,CONNECTED,-98,-79,18,388.781718,0.432293,8790.997500,6563.841971,9754.159960
503.759000,CONNECTED,-98,-77,20,583.262854,0.465521,9100.845000,6976.873571,10167.191560
504.760000,CONNECTED,-98,-77,19,593.817712,0.423323,8744.467500,7068.317171,10258.635160
505.762000,CONNECTED,-99,-79,19,422.532675,0.327904,8948.565000,6821.650091,10011.968080
506.762000,CONNECTED,-99,-81,18,594.977792,0.533547,9436.777500,7380.497071,10570.815060
507.763000,CONNECTED,-99,-81,19,789.641321,0.608743,8700.052500,7587.938531,10778.256520
508.765000,CONNECTED,-100,-81,20,571.339126,0.463808,9334.905000,7160.618771,10350.936760
509.765000,CONNECTED,-100,-83,19,524.505899,0.421308,9008.137500,6765.020251,9955.338240
510.767000,CONNECTED,-100,-87,18,339.317483,0.317312,8950.680000,6945.194591,10135.512580
511.768000,CONNECTED,-101,-90,17,93.223903,1.751872,6411.622500,5079.623111,8269.941100
512.768000,CONNECTED,-102,-92,16,140.153670,1.687394,9129.397500,7001.826591,10192.144580
513.769000,CONNECTED,-102,-94,16,81.009244,1.706396,7705.297500,5733.951371,8924.269360
514.770000,CONNECTED,-100,-96,15,289.974212,2.461876,9014.482500,6839.557071,10029.875060
515.771000,CONNECTED,-100,-95,16,67.569442,0.793850,8281.987500,6827.564191,10017.882180
516.772000,CONNECTED,-100,-93,17,74.878171,1.574353,6338.302500,4432.698791,7623.016780
517.774000,CONNECTED,-102,-93,17,203.106981,2.808794,7813.867500,6678.963251,9869.281240
518.775000,CONNECTED,-102,-95,16,65.928798,0.849378,6771.737000,5003.144211,8193.462200
519.776000,CONNECTED,-103,-97,15,78.848200,0.956512,7965.062000,5285.884091,8476.202080
520.776000,CONNECTED,-103,-95,16,80.035272,1.259682,7918.478400,5340.273331,8530.591320
521.777000,CONNECTED,-103,-94,16,61.592130,0.954688,7301.520800,4406.826831,7597.144820
522.778000,CONNECTED,-103,-94,16,40.810711,0.752905,7142.696400,5476.941671,8667.259660
523.779000,CONNECTED,-98,-94,15,60.159136,0.853137,7190.013600,4793.241751,7983.559740
524.782000,CONNECTED,-98,-94,14,43.026586,0.652175,7359.108400,4649.463251,7839.781240
525.782000,CONNECTED,-98,-94,14,52.502525,0.771246,7081.074000,4646.773711,7837.091700
526.783000,CONNECTED,-98,-94,14,53.469725,0.625805,6681.262000,4229.796971,7420.114960
527.785000,CONNECTED,-97,-94,14,53.016667,0.650731,6771.861600,4193.365711,7383.683700
528.786000,CONNECTED,-97,-95,14,54.207435,0.664103,6938.022000,4253.397591,7443.715580
529.788000,CONNECTED,-97,-96,14,63.365946,0.697632,6978.736800,4298.093631,7488.411620
530.788000,CONNECTED,-97,-96,14,44.571398,0.670438,7978.633600,5183.571991,8373.889980
531.790000,CONNECTED,-97,-96,14,55.328161,0.621504,7179.376400,4923.106751,8113.424740
532.790000,CONNECTED,-95,-96,15,57.870861,0.718644,7054.297600,4484.358951,7674.676940
533.792000,CONNECTED,-95,-96,16,52.485918,0.752960,6369.848800,4101.472091,7291.790080
534.792000,CONNECTED,-95,-96,16,56.862448,0.751081,6938.388800,4355.009911,7545.327900
535.796000,CONNECTED,-94,-96,16,58.365767,0.651213,6431.471200,4239.628231,7429.946220
536.800000,CONNECTED,-94,-96,16,55.663601,0.723487,6981.671200,4206.679151,7396.997140
537.801000,CONNECTED,-94,-93,16,59.958252,0.685406,7120.321600,4472.537391,7662.855380
538.802000,CONNECTED,-94,-91,16,62.087289,0.671045,6505.564800,4379.132791,7569.450780
539.804000,CONNECTED,-94,-93,15,56.900257,0.662280,6944.991200,4208.612951,7398.930940
540.807000,CONNECTED,-94,-96,14,59.777600,0.740768,7096.112800,4328.058831,7518.376820
541.807000,CONNECTED,-93,-98,14,61.197918,0.752544,6819.545600,4351.297591,7541.615580
542.807000,CONNECTED,-93,-100,12,51.759939,0.708064,6890.338000,4306.147751,7496.465740
543.807000,CONNECTED,-92,-100,10,52.172447,0.649984,7749.383600,4538.658971,7728.976960
544.807000,CONNECTED,-93,-100,10,51.303523,0.604307,6991.208000,4669.783711,7860.101700
545.808000,CONNECTED,-95,-100,10,52.406355,0.665697,6812.209600,4304.948931,7495.266920
546.810000,CONNECTED,-95,-100,10,53.584276,0.644154,6742.517600,4229.500171,7419.818160
547.811000,CONNECTED,-95,-100,10,51.706978,0.656640,6674.292800,4206.469831,7396.787820
548.812000,CONNECTED,-95,-100,10,41.760017,0.635299,6407.201200,4363.302471,7553.620460
549.813000,CONNECTED,-95,-100,10,45.166282,0.659727,7926.598500,4927.398431,8117.716420
550.814000,CONNECTED,-98,-100,10,52.055391,0.572894,8714.251000,6433.645911,9623.963900
551.816000,CONNECTED,-98,-100,11,44.840061,0.575294,8208.764500,6005.007251,9195.325240
552.817000,CONNECTED,-95,-100,12,51.096321,0.580256,6828.271000,4477.627531,7667.945520
553.818000,CONNECTED,-94,-100,11,53.103024,0.611260,6795.010500,4379.568311,7569.886300
554.819000,CONNECTED,-95,-100,10,45.752147,0.631493,7515.776500,4390.650311,7580.968300
555.820000,CONNECTED,-95,-100,10,51.789840,0.639747,7311.096500,4342.642851,7532.960840
556.821000,CONNECTED,-97,-100,10,55.881879,0.711648,7584.856000,4640.148571,7830.466560
557.825000,CONNECTED,-97,-100,10,50.324745,0.707864,6915.625500,4430.973491,7621.291480
558.828000,CONNECTED,-97,-100,10,53.813538,0.673032,6843.622000,4460.144431,7650.462420
559.828000,CONNECTED,-97,-100,10,56.277726,0.765827,7258.830000,4491.394751,7681.712740
560.829000,CONNECTED,-97,-100,10,50.722807,0.843665,6779.659500,4381.007991,7571.325980
561.831000,CONNECTED,-98,-100,10,52.681567,0.748544,6657.217000,4401.225591,7591.543580
562.831000,CONNECTED,-97,-100,10,54.692431,0.616414,6931.342000,4478.095751,7668.413740
563.832000,CONNECTED,-95,-100,10,51.353697,0.691456,7380.541500,4559.894911,7750.212900
564.832000,CONNECTED,-95,-100,10,46.670110,0.603924,6642.231500,4339.002531,7529.320520
565.833000,CONNECTED,-96,-100,10,43.016388,0.593564,6741.282000,4282.452711,7472.770700
566.834000,CONNECTED,-96,-100,10,34.163488,0.483316,7109.340500,4514.628851,7704.946840
567.836000,CONNECTED,-96,-100,10,34.084616,0.449191,7348.012000,4352.141971,7542.459960
568.837000,CONNECTED,-96,-100,10,41.381536,0.715616,8390.052500,5942.842631,9133.160620
569.837000,CONNECTED,-96,-97,13,37.409536,0.432352,7394.796000,5107.387731,8297.705720
570.838000,CONNECTED,-99,-101,8,36.293953,0.413854,7309.634500,4758.974951,7949.292940
571.839000,CONNECTED,-98,-99,12,47.590711,0.487449,8572.802500,5398.766691,8589.084680
572.840000,CONNECTED,-96,-101,11,86.504721,0.990195,8393.342000,6350.555371,9540.873360
573.842000,CONNECTED,-96,-98,13,60.910406,0.696113,8052.330500,5882.156371,9072.474360
574.843000,CONNECTED,-97,-98,13,48.286781,0.537280,6526.733500,4651.597531,7841.915520
575.845000,CONNECTED,-97,-93,17,55.154024,0.597064,7820.603500,4871.221231,8061.539220
576.846000,CONNECTED,-97,-97,14,102.903827,1.164009,9240.571000,6240.235751,9430.553740
577.848000,CONNECTED,-96,-94,16,142.133044,1.323115,8937.571500,6918.502811,10108.820800
578.850000,CONNECTED,-96,-94,17,52.857048,0.889272,7646.315200,6167.467791,9357.785780
579.852000,CONNECTED,-96,-94,17,79.612662,0.986267,7601.507100,5203.504411,8393.822400
580.853000,CONNECTED,-102,-90,18,153.235344,1.509845,8722.683000,6565.492811,9755.810800
581.854000,CONNECTED,-101,-94,18,91.822208,0.843072,8839.494900,6937.711511,10128.029500
582.856000,CONNECTED,-101,-94,17,105.886721,1.192897,8047.284600,5752.786991,8943.104980
583.860000,CONNECTED,-95,-94,18,107.856046,1.116145,8411.548500,6619.364551,9809.682540
584.862000,CONNECTED,-95,-91,16,115.861961,1.014491,8761.256400,5761.656131,8951.974120
585.864000,CONNECTED,-95,-97,16,107.998682,1.115260,8695.026600,6602.943671,9793.261660
586.864000,CONNECTED,-97,-91,17,71.662525,0.920305,7633.894200,6145.882831,9336.200820
587.866000,CONNECTED,-97,-89,18,134.465989,1.506426,9554.194500,5989.617191,9179.935180
588.868000,CONNECTED,-97,-93,15,55.627723,0.678892,7627.344000,6318.759251,9509.077240
589.869000,CONNECTED,-97,-91,15,92.128610,0.842112,8413.731900,5347.818391,8538.136380
590.870000,CONNECTED,-97,-91,16,129.044221,1.221182,9047.281800,6556.634511,9746.952500
591.871000,CONNECTED,-97,-85,19,124.782948,1.139943,8958.126300,6490.252871,9680.570860
592.872000,CONNECTED,-97,-91,18,141.916250,1.266621,9231.051300,6570.173111,9760.491100
593.877000,CONNECTED,-97,-89,17,105.173832,0.931783,7993.427400,6622.399871,9812.717860
594.877000,CONNECTED,-97,-92,18,144.498362,1.320960,7893.718800,5866.554671,9056.872660
595.877000,CONNECTED,-95,-89,18,154.015015,1.316364,8611.329600,6423.474531,9613.792520
596.880000,CONNECTED,-95,-89,18,165.794623,1.383837,8731.052700,6810.199651,10000.517640
597.880000,CONNECTED,-99,-89,17,147.917975,1.295840,8969.043300,5939.473991,9129.791980
598.880000,CONNECTED,-96,-91,17,205.664060,1.866020,9172.099500,6707.269271,9897.587260
599.882000,CONNECTED,-96,-91,17,91.498549,0.834144,8441.752200,6902.071811,10092.389800
600.882000,CONNECTED,-96,-84,18,275.305123,2.642725,8901.357900,5691.038351,8881.356340
601.883000,CONNECTED,-96,-81,18,447.248363,2.063301,9090.585900,6702.517551,9892.835540
602.884000,CONNECTED,-96,-77,17,289.100119,0.247388,8654.633700,6641.503531,9831.821520
603.886000,CONNECTED,-96,-75,18,350.380572,0.314744,8260.530000,6682.416811,9872.734800
604.885000,CONNECTED,-96,-75,17,448.000078,0.405184,9381.342000,6820.565431,10010.883420
612.895000,CONNECTED,-100,-78,21,30.413865,0.411200,7980.725000,5251.908271,8442.226260
613.895000,CONNECTED,-93,-78,20,98.473594,1.385407,7395.265000,5555.146671,8745.464660
614.899000,CONNECTED,-93,-78,21,51.250380,0.936275,7012.015000,5533.777311,8724.095300
615.900000,CONNECTED,-95,-78,21,132.050118,2.088719,7395.265000,4684.745131,7875.063120
616.902000,CONNECTED,-95,-74,17,260.917043,2.747734,8974.985000,6679.398091,9869.716080
617.903000,CONNECTED,-96,-77,18,287.776883,2.094976,8615.460000,5988.231991,9178.549980
618.903000,CONNECTED,-96,-77,19,369.923560,1.305397,8206.660000,6506.777951,9697.095940
619.904000,CONNECTED,-95,-77,19,237.040660,1.159973,8329.300000,5980.436051,9170.754040
620.905000,CONNECTED,-95,-80,19,302.655094,2.086034,8850.155000,6423.271871,9613.589860
621.906000,CONNECTED,-96,-80,19,330.658894,1.138930,9197.635000,6476.455351,9666.773340
622.909000,CONNECTED,-102,-78,20,491.150526,0.493376,8755.620000,6450.792191,9641.110180
623.909000,CONNECTED,-102,-78,19,344.771789,0.266508,7406.945000,6056.080211,9246.398200
624.910000,CONNECTED,-95,-78,19,458.094359,0.382304,8678.970000,5245.467791,8435.785780
625.910000,CONNECTED,-95,-80,19,361.564804,0.246519,8213.595000,6299.329931,9489.647920
626.911000,CONNECTED,-95,-80,19,738.298831,0.596799,8304.480000,6228.406191,9418.724180
627.912000,CONNECTED,-95,-80,19,553.315694,0.350610,8600.860000,6217.888311,9408.206300
628.913000,CONNECTED,-94,-80,19,721.390506,0.501123,8991.775000,6856.850131,10047.168120
629.916000,CONNECTED,-94,-77,20,747.751753,0.552263,8975.715000,6671.134551,9861.452540
630.917000,CONNECTED,-96,-83,20,626.320310,0.461253,9165.880000,7237.672191,10427.990180
631.918000,CONNECTED,-96,-78,19,512.093574,0.368064,9644.760000,7241.691271,10432.009260
632.918000,CONNECTED,-96,-86,18,734.706694,0.599928,8669.845000,7338.764591,10529.082580
633.919000,CONNECTED,-93,-83,21,913.283890,0.604032,9945.885000,6721.033771,9911.351760
634.919000,CONNECTED,-94,-85,19,827.122687,0.620087,9591.470000,7483.658031,10673.976020
635.920000,CONNECTED,-94,-79,20,887.574557,0.658528,9711.920000,7554.609351,10744.927340
636.921000,CONNECTED,-94,-84,19,367.423008,0.409265,10000.635000,7344.047091,10534.365080
637.921000,CONNECTED,-94,-84,18,406.299098,0.428512,9547.305000,7259.641951,10449.959940
638.921000,CONNECTED,-94,-84,21,764.349254,0.559017,9931.732000,7711.307171,10901.625160
639.922000,CONNECTED,-94,-84,19,624.500670,0.495456,10123.520000,7683.847811,10874.165800
640.922000,CONNECTED,-94,-84,19,612.583409,0.510944,9317.521000,7303.369571,10493.687560
641.922000,CONNECTED,-94,-84,19,375.273990,0.354847,8664.669000,7475.414091,10665.732080
644.925000,CONNECTED,-92,-93,17,61.318511,2.162567,8856.282500,6412.093271,9602.411260
645.926000,CONNECTED,-92,-89,18,55.747703,1.412785,8178.265500,6140.641251,9330.959240
646.928000,CONNECTED,-93,-94,16,62.208130,1.386368,8332.491000,6245.325311,9435.643300
647.928000,CONNECTED,-93,-94,16,434.423405,6.013377,8578.029500,6189.900151,9380.218140
648.928000,CONNECTED,-91,-99,13,994.937546,6.436746,10179.242500,7940.501971,11130.819960
649.929000,CONNECTED,-91,-97,15,949.268056,0.657601,10044.070500,7589.414311,10779.732300
650.931000,CONNECTED,-89,-97,14,989.322534,0.713568,10150.123000,8036.425631,11226.743620
651.931000,CONNECTED,-88,-97,12,1096.854776,0.802592,10323.761500,7737.647791,10927.965780
652.933000,CONNECTED,-89,-97,10,837.217219,0.574912,9748.921000,7389.051611,10579.369600
653.933000,CONNECTED,-89,-100,10,879.716555,0.626432,9142.085000,7384.956271,10575.274260
654.933000,CONNECTED,-89,-100,10,785.644265,0.583232,9065.511500,7309.719831,10500.037820
655.933000,CONNECTED,-89,-102,7,591.468278,0.515944,9263.955500,7318.282851,10508.600840
656.934000,CONNECTED,-89,-99,11,770.514599,0.558932,9075.218000,6964.471111,10154.789100
657.936000,CONNECTED,-84,-99,12,567.864562,0.458304,9204.638000,7031.820711,10222.138700
658.936000,CONNECTED,-85,-99,10,646.403419,0.480723,9000.442000,7302.660831,10492.978820
659.937000,CONNECTED,-89,-99,9,756.551109,0.664015,9654.013000,7271.513251,10461.831240
660.939000,CONNECTED,-93,-101,9,545.528576,0.442048,8311.999500,6554.620031,9744.938020
661.939000,CONNECTED,-85,-101,9,678.942755,0.508575,9192.055500,7554.380891,10744.698880
662.941000,CONNECTED,-85,-101,11,687.727392,0.498286,10343.174500,7743.631931,10933.949920
663.942000,CONNECTED,-85,-101,8,476.306090,0.402443,9066.590000,7931.781031,11122.099020
664.943000,CONNECTED,-85,-103,7,528.006630,0.475040,9003.677500,6815.352751,10005.670740
665.943000,CONNECTED,-85,-103,7,341.104484,0.336224,9495.833000,7189.266111,10379.584100
668.947000,CONNECTED,-89,-96,16,41.925844,1.493293,7926.615500,5768.779231,8959.097220
669.949000,CONNECTED,-89,-96,16,41.662719,1.653056,8491.898600,6450.297111,9640.615100
670.949000,CONNECTED,-91,-109,7,40.888072,1.332896,8069.691800,6157.300071,9347.618060
671.949000,CONNECTED,-91,-106,9,34.539393,0.766339,8400.748600,5866.241591,9056.559580
672.950000,CONNECTED,-91,-108,7,45.815322,1.000572,8054.743200,5722.095511,8912.413500
673.953000,CONNECTED,-95,-108,0,6.986006,0.252615,7903.798800,5742.734871,8933.052860
678.965000,CONNECTED,-88,-95,10,832.274016,4.914170,9590.803000,6709.665571,9899.983560
679.965000,CONNECTED,-92,-95,11,525.686620,0.435775,9798.260400,7769.259591,10959.577580
680.967000,CONNECTED,-92,-98,8,549.285293,0.464000,9548.874000,7004.493551,10194.811540
681.967000,CONNECTED,-92,-96,9,490.748364,0.420592,9606.116200,7819.444911,11009.762900
682.968000,CONNECTED,-92,-96,12,549.798445,0.444288,9880.295400,7507.051651,10697.369640
683.968000,CONNECTED,-92,-94,11,634.107692,0.503736,9334.124600,7321.793191,10512.111180
684.969000,CONNECTED,-93,-96,13,620.791941,0.496288,10232.863600,7445.982251,10636.300240
685.969000,CONNECTED,-93,-94,12,827.439628,0.667264,9690.338800,7467.232191,10657.550180
686.969000,CONNECTED,-94,-94,15,834.049383,0.591832,9401.211000,7535.153451,10725.471440
687.970000,CONNECTED,-94,-94,15,1032.555033,0.804943,10091.034200,7984.712971,11175.030960
688.971000,CONNECTED,-93,-91,15,939.604672,0.814744,9724.975800,7911.732731,11102.050720
689.971000,CONNECTED,-93,-91,15,1016.046846,0.854822,9769.457000,7608.007131,10798.325120
690.972000,CONNECTED,-93,-91,15,1066.968790,0.878073,9689.609600,7829.539771,11019.857760
691.973000,CONNECTED,-92,-88,15,1092.660392,0.906048,9466.109800,7483.837371,10674.155360
692.973000,CONNECTED,-92,-90,14,1268.139748,0.977575,9965.247200,7717.626411,10907.944400
693.975000,CONNECTED,-96,-88,14,1389.162992,0.989858,9440.587800,7806.047911,10996.365900
694.976000,CONNECTED,-93,-88,16,1252.441914,0.950144,9757.789800,8348.175051,11538.493040
695.976000,CONNECTED,-94,-88,17,1443.531806,1.065421,9377.512000,7875.263991,11065.581980
696.978000,CONNECTED,-94,-86,17,1720.081225,1.081600,9838.731000,8033.936891,11224.254880
697.978000,CONNECTED,-92,-86,17,1887.932889,1.231332,10934.718600,8110.506491,11300.824480
698.979000,CONNECTED,-92,-84,17,1832.212764,1.266449,9564.916400,8174.761331,11365.079320
699.980000,CONNECTED,-92,-84,18,1850.021588,1.163617,10428.694500,8137.023411,11327.341400
700.983000,CONNECTED,-95,-84,18,1811.626949,1.114912,10398.035500,8591.096231,11781.414220
701.984000,CONNECTED,-95,-84,18,1775.877613,0.939583,10103.210000,8418.458911,11608.776900
702.984000,CONNECTED,-95,-86,17,1716.050433,1.091532,9917.117000,8232.703351,11423.021340
703.986000,CONNECTED,-95,-86,17,1454.441757,0.768603,9606.249000,7637.707291,10828.025280
704.988000,CONNECTED,-96,-86,17,1411.397405,0.718496,9143.868500,8448.475571,11638.793560
705.988000,CONNECTED,-96,-84,17,1587.398467,0.870392,9676.479500,7094.558591,10284.876580
706.990000,CONNECTED,-94,-84,17,1693.742369,1.070475,10207.664500,8226.808351,11417.126340
707.991000,CONNECTED,-94,-84,18,1500.813125,0.864036,10172.014500,8146.084471,11336.402460
708.992000,CONNECTED,-94,-86,17,1835.669183,0.939744,9881.110500,8377.880311,11568.198300
709.992000,CONNECTED,-94,-83,19,1824.216174,0.944256,10041.179000,8438.420011,11628.738000
710.993000,CONNECTED,-94,-83,18,1844.397987,0.888086,9800.185000,8371.405271,11561.723260
711.994000,CONNECTED,-95,-83,18,1761.353200,0.933088,9410.174000,8384.624851,11574.942840
712.995000,CONNECTED,-97,-80,19,2003.744185,0.963567,10660.776000,8441.451031,11631.769020
713.997000,CONNECTED,-94,-80,18,1429.648248,0.751733,9032.997000,8109.476051,11299.794040
714.998000,CONNECTED,-94,-78,20,1739.266423,1.103328,10446.163000,8405.454391,11595.772380
715.998000,CONNECTED,-96,-83,18,1434.118703,0.812864,9437.624500,7964.698031,11155.016020
716.998000,CONNECTED,-96,-83,18,1637.354545,0.889824,9608.744500,8182.866351,11373.184340
717.998000,CONNECTED,-96,-81,19,1403.385866,0.829801,10739.206000,8210.156851,11400.474840
719.001000,CONNECTED,-94,-81,19,941.140083,0.577761,9203.760500,8117.211971,11307.529960
720.002000,CONNECTED,-94,-83,18,65.085763,0.645216,7178.484000,6563.275731,9753.593720
721.003000,CONNECTED,-96,-77,19,489.036561,4.808415,9086.472000,4920.930811,8111.248800
722.004000,CONNECTED,-96,-82,19,828.918112,1.700616,9052.604500,7241.379831,10431.697820
723.007000,CONNECTED,-97,-79,18,1448.255181,0.802435,10584.841500,8082.298471,11272.616460
724.007000,CONNECTED,-97,-77,19,1513.005209,0.917028,10545.270000,7980.100131,11170.418120
725.010000,CONNECTED,-100,-83,19,1408.975147,0.832865,10490.012500,8406.165411,11596.483400
726.012000,CONNECTED,-100,-81,18,526.617012,0.814739,8473.292000,7378.108731,10568.426720
727.013000,CONNECTED,-100,-78,19,105.496808,0.305980,7688.279000,7575.484611,10765.802600
728.014000,CONNECTED,-98,-74,19,131.216419,0.873612,9110.357500,6004.374911,9194.692900
729.015000,CONNECTED,-98,-78,19,203.935932,4.069300,8079.359500,6330.649971,9520.967960
730.016000,CONNECTED,-98,-78,19,265.944641,3.791285,9044.392500,6980.181391,10170.499380
731.019000,CONNECTED,-98,-80,19,183.129678,1.683634,7230.795000,5551.787111,8742.105100
732.021000,CONNECTED,-99,-80,19,39.424818,1.098868,7693.757500,5705.412631,8895.730620
733.021000,CONNECTED,-99,-80,20,87.922699,1.926081,7211.847500,5163.584811,8353.902800
734.022000,CONNECTED,-99,-80,20,51.790603,1.052519,7067.060000,5682.275211,8872.593200
735.024000,CONNECTED,-99,-78,19,174.897092,2.438829,8672.235000,5082.151511,8272.469500
736.025000,CONNECTED,-99,-82,18,151.461510,1.517148,8659.722500,6402.207151,9592.525140
737.026000,CONNECTED,-99,-82,19,120.919311,1.360320,7642.992500,6078.094231,9268.412220
738.029000,CONNECTED,-99,-79,19,73.403876,1.128096,7913.620000,5918.790811,9109.108800
739.029000,CONNECTED,-100,-79,19,41.743690,0.707808,7781.345000,5910.844211,9101.162200
740.029000,CONNECTED,-99,-79,19,41.955039,0.845660,7765.615000,5384.970431,8575.288420
741.033000,CONNECTED,-99,-79,19,117.762351,1.704955,7769.905000,5042.931751,8233.249740
742.035000,CONNECTED,-99,-77,19,180.731055,2.017184,8844.550000,6345.144371,9535.462360
743.035000,CONNECTED,-100,-77,19,227.175106,1.881831,8637.557500,6717.704611,9908.022600
744.037000,CONNECTED,-100,-77,20,170.466541,1.313312,8767.687500,6512.329351,9702.647340
745.037000,CONNECTED,-99,-81,19,177.588125,1.660054,8120.612500,6378.382511,9568.700500
746.040000,CONNECTED,-98,-81,19,176.313674,1.630251,8260.037500,6401.383531,9591.701520
747.040000,CONNECTED,-98,-83,19,292.000266,2.393709,9258.177500,6656.203011,9846.521000
748.041000,CONNECTED,-100,-78,19,233.106770,1.609356,8705.482500,6378.772451,9569.090440
749.042000,CONNECTED,-99,-78,19,341.948839,1.564992,8240.017500,6644.372951,9834.690940
750.044000,CONNECTED,-100,-78,20,302.726742,0.267904,8282.202500,5879.061031,9069.379020
751.044000,CONNECTED,-100,-78,20,349.548854,0.302259,8701.907500,6582.348491,9772.666480
752.046000,CONNECTED,-99,-81,19,437.850681,0.374095,8636.485000,6819.814831,10010.132820
753.046000,CONNECTED,-99,-81,19,489.664147,0.411922,9754.745000,6807.500831,9997.818820
754.047000,CONNECTED,-99,-78,19,586.038531,0.439296,9403.680000,7139.966771,10330.284760
755.047000,CONNECTED,-101,-81,19,585.369855,0.441203,9666.085000,7165.838211,10356.156200
756.049000,CONNECTED,-101,-81,19,115.683546,0.239988,7745.237500,7162.294111,10352.612100
757.050000,CONNECTED,-99,-76,19,67.322026,1.298688,8429.850000,5307.435671,8497.753660
758.050000,CONNECTED,-104,-76,18,274.576110,4.080448,8586.077500,5986.651011,9176.969000
759.050000,CONNECTED,-98,-73,21,198.751639,1.798289,8909.257500,8112.027571,11302.345560
760.052000,CONNECTED,-98,-69,19,49.611469,0.707518,7687.363600,5576.656311,8766.974300
761.054000,CONNECTED,-99,-69,21,46.216270,1.051223,7289.804000,4884.260271,8074.578260
762.056000,CONNECTED,-99,-69,21,50.973870,0.929941,6936.579200,5020.482991,8210.800980
763.057000,CONNECTED,-100,-73,21,46.990058,0.885764,7794.930000,4985.961671,8176.279660
764.062000,CONNECTED,-99,-73,20,189.168799,2.022530,8537.356200,5658.965431,8849.283420
765.064000,CONNECTED,-99,-81,21,267.351985,1.982800,9692.604800,7421.458851,10611.776840
766.065000,CONNECTED,-103,-77,21,314.121901,2.140736,9481.832800,7227.286031,10417.604020
767.065000,CONNECTED,-101,-77,20,311.684005,1.316608,9571.592600,7126.073531,10316.391520
768.065000,CONNECTED,-101,-77,18,340.202466,0.363584,9004.688600,6749.728831,9940.046820
769.066000,CONNECTED,-101,-77,21,399.683545,0.403186,8825.169000,6975.396651,10165.714640
770.068000,CONNECTED,-99,-77,19,418.834730,0.373152,9144.597600,6934.611591,10124.929580
771.068000,CONNECTED,-99,-80,19,335.352255,0.317873,8632.930400,6820.288651,10010.606640
772.070000,CONNECTED,-101,-80,18,321.907091,0.327392,9738.756600,6899.053731,10089.371720
773.070000,CONNECTED,-101,-80,14,336.378804,0.335028,9150.775400,6892.185271,10082.503260
774.072000,CONNECTED,-101,-80,20,435.682812,0.403862,9748.931800,7320.411991,10510.729980
775.073000,CONNECTED,-98,-80,19,436.969663,0.408080,9931.358600,7416.027311,10606.345300
776.074000,CONNECTED,-100,-80,19,479.216559,0.430782,9753.292600,7775.206111,10965.524100
777.075000,CONNECTED,-97,-80,20,471.360626,0.399847,10447.750000,7821.381811,11011.699800
778.075000,CONNECTED,-97,-84,19,374.247323,0.327392,9752.929200,7355.881331,10546.199320
779.076000,CONNECTED,-99,-82,17,380.044856,0.389920,9164.584600,7272.597131,10462.915120
780.078000,CONNECTED,-99,-78,18,679.444323,0.530816,10228.619800,7365.262311,10555.580300
781.079000,CONNECTED,-100,-78,19,819.593456,0.639149,9718.769600,7603.525791,10793.843780
782.082000,CONNECTED,-101,-78,19,1119.141897,0.724272,10630.540200,7199.584371,10389.902360
783.082000,CONNECTED,-101,-78,20,1226.887469,0.873881,10725.751000,7941.217831,11131.535820
784.084000,CONNECTED,-101,-83,20,1723.529329,1.169180,9723.857200,7881.460271,11071.778260
785.085000,CONNECTED,-99,-83,19,1542.734145,1.033167,9769.282200,7838.113491,11028.431480
786.087000,CONNECTED,-100,-81,19,1262.949247,0.725792,9804.895400,7907.660351,11097.978340
787.089000,CONNECTED,-100,-81,19,1533.923726,0.786240,9863.402800,7480.371011,10670.689000
788.090000,CONNECTED,-101,-81,20,1479.287062,0.889251,9968.788800,8316.905591,11507.223580
789.091000,CONNECTED,-101,-81,20,1577.967716,0.889025,10254.421200,8458.767371,11649.085360
790.091000,CONNECTED,-101,-81,20,1023.885126,0.665958,9456.519000,7843.118151,11033.436140
791.092000,CONNECTED,-99,-81,21,830.399080,0.552576,9832.270000,7621.535691,10811.853680
792.092000,CONNECTED,-99,-79,19,49.789641,0.568202,8327.840000,7160.149091,10350.467080
793.094000,CONNECTED,-100,-83,19,215.433996,3.973728,8775.960500,5145.904331,8336.222320
794.094000,CONNECTED,-101,-89,17,394.967998,4.276172,9721.042000,7571.017051,10761.335040
795.096000,CONNECTED,-100,-94,17,379.095232,0.399008,9734.232500,8193.131891,11383.449880
796.096000,CONNECTED,-100,-92,18,85.967266,0.387696,7200.230500,7473.591471,10663.909460
797.097000,CONNECTED,-102,-96,16,111.667958,1.909489,7979.539500,5013.036351,8203.354340
798.099000,CONNECTED,-102,-96,16,235.464916,2.946986,8775.960500,5672.907451,8863.225440
799.100000,CONNECTED,-104,-94,17,378.373668,2.461664,10081.820000,7865.559571,11055.877560
800.100000,CONNECTED,-103,-94,17,275.141813,0.276451,9078.985500,7694.583791,10884.901780
801.101000,CONNECTED,-100,-94,17,193.033769,0.489408,8757.422500,6239.665911,9429.983900
802.101000,CONNECTED,-100,-92,18,345.689676,2.433673,8716.425000,6588.948411,9779.266400
803.103000,CONNECTED,-96,-90,17,22.711713,0.477504,7731.059000,6679.173191,9869.491180
804.103000,CONNECTED,-96,-94,16,162.443191,2.041961,8577.746500,5287.477531,8477.795520
805.105000,CONNECTED,-96,-94,16,91.882467,0.970682,8131.765000,6387.701491,9578.019480
806.107000,CONNECTED,-99,-92,17,51.482920,0.974931,6468.336000,4908.453171,8098.771160
807.107000,CONNECTED,-99,-94,17,61.290709,1.045792,7629.813000,5185.841211,8376.159200
808.107000,CONNECTED,-98,-94,16,109.544216,1.250560,8551.365500,5965.547231,9155.865220
809.107000,CONNECTED,-103,-96,15,50.506543,0.686806,7409.139500,5893.892551,9084.210540
810.109000,CONNECTED,-99,-96,16,126.259473,1.495225,8945.298000,5067.381971,8257.699960
811.111000,CONNECTED,-99,-96,16,58.057930,0.847571,7572.416500,7281.733911,10472.051900
812.113000,CONNECTED,-97,-94,16,51.237599,0.799904,7202.726000,4889.213351,8079.531340
813.113000,CONNECTED,-97,-97,14,52.813348,0.766001,7563.504000,4845.273291,8035.591280
814.115000,CONNECTED,-97,-97,14,51.773059,0.738688,7493.273500,5246.077791,8436.395780
815.115000,CONNECTED,-97,-97,14,54.125729,0.743872,7060.482500,4892.037791,8082.355780
816.115000,CONNECTED,-97,-97,15,58.412131,0.653120,7013.068000,4742.265271,7932.583260
817.115000,CONNECTED,-96,-97,15,53.592971,0.669208,6755.675000,4898.929571,8089.247560
818.116000,CONNECTED,-95,-97,15,55.436447,0.645235,6922.517000,4838.817071,8029.135060
819.118000,CONNECTED,-96,-97,15,59.364610,0.627756,7304.328500,4748.962471,7939.280460
820.119000,CONNECTED,-96,-97,15,56.167869,0.708009,7547.098000,5125.284271,8315.602260
821.121000,CONNECTED,-95,-97,15,53.699072,0.726826,6839.877200,5057.583971,8247.901960
822.122000,CONNECTED,-95,-97,15,55.407520,0.726653,7615.774400,4686.198571,7876.516560
823.124000,CONNECTED,-95,-97,15,57.303207,0.706678,7153.304600,4707.854491,7898.172480
824.127000,CONNECTED,-97,-97,15,58.093572,0.774048,6864.352300,4739.380891,7929.698880
825.127000,CONNECTED,-97,-97,15,55.694369,0.681024,7091.934200,4828.915571,8019.233560
826.127000,CONNECTED,-94,-97,15,54.987717,0.670575,7675.683600,5124.719131,8315.037120
827.129000,CONNECTED,-95,-97,15,57.953922,0.634529,7379.425300,5123.929751,8314.247740
828.131000,CONNECTED,-94,-97,15,49.675321,0.670251,7449.928200,4749.942231,7940.260220
829.133000,CONNECTED,-94,-97,15,53.040053,0.715452,7640.980100,4857.909111,8048.227100
830.135000,CONNECTED,-96,-97,15,54.013108,0.730277,7579.975000,4738.967271,7929.285260
831.140000,CONNECTED,-96,-97,15,44.647903,0.659648,7077.322200,4685.307351,7875.625340
832.140000,CONNECTED,-96,-97,15,52.374142,0.617248,7746.917100,4725.750931,7916.068920
833.140000,CONNECTED,-95,-97,15,49.118622,0.584224,7451.754700,5102.801671,8293.119660
834.141000,CONNECTED,-95,-97,15,42.433846,0.573474,6623.984900,4652.883391,7843.201380
835.143000,CONNECTED,-94,-97,15,46.555003,0.571855,7082.801700,4678.741771,7869.059760
836.145000,CONNECTED,-94,-97,15,48.532430,0.599519,7156.957600,4904.635231,8094.953220
837.146000,CONNECTED,-94,-97,15,43.851583,0.596672,7707.830000,4721.862871,7912.180860
838.147000,CONNECTED,-94,-97,15,51.393098,0.601801,7082.071100,4756.351131,7946.669120
839.148000,CONNECTED,-96,-97,15,41.402682,0.546360,8314.228000,5033.518831,8223.836820
840.151000,CONNECTED,-96,-97,15,33.846804,0.541514,7354.219600,4848.030111,8038.348100
841.152000,CONNECTED,-96,-97,15,36.410081,0.511790,6735.401400,4722.611271,7912.929260
842.156000,CONNECTED,-96,-97,15,34.808516,0.435927,7078.418100,4820.261371,8010.579360
843.158000,CONNECTED,-96,-97,15,35.040288,0.478066,6943.987700,4710.540051,7900.858040
844.159000,CONNECTED,-95,-97,15,51.364632,0.540330,7557.691700,4713.267931,7903.585920
845.160000,CONNECTED,-95,-97,15,51.184413,0.555360,7829.474900,4847.568491,8037.886480
846.160000,CONNECTED,-94,-97,15,44.399974,0.513358,6417.225100,4756.381011,7946.699000
847.161000,CONNECTED,-94,-97,15,54.464707,0.590720,7281.524900,4497.989271,7688.307260
848.161000,CONNECTED,-96,-97,15,52.774019,0.589204,6832.571200,4627.007811,7817.325800
849.164000,CONNECTED,-96,-97,15,46.693783,0.688539,7086.293600,4325.629291,7515.947280
850.167000,CONNECTED,-96,-97,15,50.017782,0.691534,6995.090500,4443.356371,7633.674360
851.168000,CONNECTED,-96,-97,15,54.202655,0.701322,6857.795100,4653.915411,7844.233400
852.169000,CONNECTED,-96,-97,15,53.167961,0.622783,7368.798300,4804.930651,7995.248640
853.170000,CONNECTED,-95,-97,15,54.587233,0.648864,6902.581300,4260.267891,7450.585880
854.170000,CONNECTED,-96,-97,15,45.846273,0.592193,7026.294000,4446.996311,7637.314300
855.171000,CONNECTED,-99,-97,15,49.124576,0.624192,7103.017900,4345.383691,7535.701680
871.189000,CONNECTED,-97,-107,8,128.733336,2.769596,8184.127400,6429.816131,9620.134120
872.190000,CONNECTED,-97,-107,7,187.229417,2.314177,8678.611100,6434.732331,9625.050320
873.190000,CONNECTED,-96,-107,7,242.967059,1.741652,9227.058500,6223.888631,9414.206620
874.191000,CONNECTED,-96,-107,7,157.633221,2.000876,7313.733300,6480.648191,9670.966180
875.192000,CONNECTED,-97,-107,8,341.717568,2.649047,9285.427400,5950.437791,9140.755780
876.195000,CONNECTED,-97,-105,9,321.185283,0.309619,9362.518400,7228.118991,10418.436980
877.195000,CONNECTED,-96,-108,6,208.125441,0.351354,8696.231900,6784.910471,9975.228460
878.196000,CONNECTED,-97,-106,7,317.330202,2.382039,8291.687700,5592.393311,8782.711300
879.198000,CONNECTED,-97,-104,9,370.568443,1.853045,10017.057700,6834.191091,10024.509080
880.200000,CONNECTED,-97,-101,11,269.447678,1.515850,7756.087600,6887.609471,10077.927460
881.200000,CONNECTED,-97,-93,17,486.636658,2.542175,7907.953600,5550.378271,8740.696260
882.200000,CONNECTED,-97,-101,11,405.437486,0.380261,9662.936000,6282.335311,9472.653300
883.203000,CONNECTED,-97,-101,11,192.333459,0.220640,8531.568000,6986.145991,10176.463980
884.203000,CONNECTED,-98,-98,13,312.798915,1.161756,8126.236800,5650.345431,8840.663420
885.205000,CONNECTED,-98,-95,16,330.438694,1.533376,9417.049600,7185.418131,10375.736120
886.205000,CONNECTED,-97,-97,15,196.897615,0.318409,8328.539200,7437.657131,10627.975120
887.206000,CONNECTED,-96,-97,14,152.984902,1.423448,7920.302400,5977.719091,9168.037080
888.207000,CONNECTED,-96,-97,14,44.369652,0.718108,7241.118400,6089.985671,9280.303660
889.208000,CONNECTED,-98,-97,14,134.595718,1.881226,7959.891200,4910.853151,8101.171140
890.210000,CONNECTED,-97,-95,16,154.082064,1.768160,8592.585600,6488.525571,9678.843560
891.210000,CONNECTED,-98,-95,16,182.678447,1.474762,8519.582400,6594.760031,9785.078020
892.213000,CONNECTED,-98,-91,16,42.094841,0.871320,7170.657600,6166.611911,9356.929900
893.218000,CONNECTED,-98,-93,15,117.884885,1.972962,9344.046400,5037.497351,8227.815340
894.217000,CONNECTED,-98,-93,15,61.435125,0.958676,8572.609600,6668.330231,9858.648220
895.218000,CONNECTED,-97,-96,15,39.492847,0.542784,8334.350400,6429.826631,9620.144620
896.218000,CONNECTED,-98,-96,16,41.231930,0.594912,8314.374400,5696.775171,8887.093160
897.218000,CONNECTED,-98,-93,16,63.268346,0.826759,8219.579200,5741.624291,8931.942280
898.219000,CONNECTED,-96,-93,15,50.588288,0.747840,8403.721600,6421.156131,9611.474120
899.219000,CONNECTED,-96,-98,12,48.087511,0.588704,8432.777600,6159.151151,9349.469140
900.219000,CONNECTED,-97,-93,16,80.132643,0.895680,8069.940800,5573.588351,8763.906340
901.219000,CONNECTED,-97,-89,18,87.835647,1.031680,8559.534400,6328.304891,9518.622880
902.219000,CONNECTED,-96,-92,17,105.625998,1.154075,8663.409600,6771.370811,9961.688800
903.220000,CONNECTED,-96,-92,16,91.987311,0.933195,9178.427200,6738.058211,9928.376200
904.221000,CONNECTED,-96,-92,16,73.074769,0.868256,8448.758400,6375.947931,9566.265920
905.221000,CONNECTED,-96,-90,17,81.401253,0.999997,8296.214400,5504.235751,8694.553740
906.224000,CONNECTED,-96,-86,19,126.459838,1.380315,9457.728000,5812.241751,9002.559740
907.225000,CONNECTED,-96,-92,19,148.790254,1.213390,8521.035200,6528.107671,9718.425660
908.227000,CONNECTED,-96,-92,18,105.907987,0.938944,8218.852800,7006.399871,10196.717860
909.227000,CONNECTED,-96,-92,18,204.097099,1.806671,9693.808000,6236.106851,9426.424840
910.227000,CONNECTED,-96,-90,17,245.626664,1.956351,9678.534600,7121.865791,10312.183780
911.228000,CONNECTED,-97,-87,17,154.560461,1.396373,8604.262700,7375.158191,10565.476180
912.230000,CONNECTED,-97,-92,17,72.967024,0.735456,8840.120000,6212.395711,9402.713700
913.230000,CONNECTED,-98,-89,18,123.571501,1.692883,8274.207400,5665.784391,8856.102380
914.231000,CONNECTED,-97,-89,18,110.923156,1.409408,8551.366900,6382.171531,9572.489520
915.231000,CONNECTED,-97,-94,16,166.184838,1.584924,8593.393700,6143.832391,9334.150380
916.232000,CONNECTED,-98,-90,18,245.585004,1.914432,8822.005000,6556.690091,9747.008080
917.232000,CONNECTED,-99,-86,17,258.318922,1.740128,9275.966900,7010.594511,10200.912500
918.232000,CONNECTED,-99,-83,16,294.063340,1.811248,9577.038200,7042.363671,10232.681660
919.233000,CONNECTED,-99,-83,15,338.197668,1.613973,9267.996300,7191.918951,10382.236940
920.235000,CONNECTED,-99,-89,19,105.444893,0.611211,8583.249300,7251.204831,10441.522820
921.236000,CONNECTED,-99,-86,17,273.304897,2.277901,9314.008400,5808.123351,8998.441340
922.239000,CONNECTED,-99,-86,20,320.615388,1.599627,9210.752900,7263.831591,10454.149580
923.240000,CONNECTED,-99,-81,19,327.184931,0.313874,8591.582200,7060.980011,10251.298000
924.243000,CONNECTED,-98,-85,20,364.973558,0.317824,8890.479700,6994.944691,10185.262680
925.243000,CONNECTED,-98,-82,19,344.076695,0.321049,8707.518200,6816.893291,10007.211280
926.246000,CONNECTED,-99,-82,19,134.444949,0.890400,8403.910800,6882.617671,10072.935660
927.246000,CONNECTED,-97,-82,18,356.599364,2.265952,9596.964700,6710.129731,9900.447720
928.246000,CONNECTED,-97,-80,19,370.093047,0.348283,9460.739900,7639.774811,10830.092800
929.247000,CONNECTED,-98,-82,19,222.304865,0.227493,9590.443300,7379.293771,10569.611760
930.248000,CONNECTED,-98,-77,19,347.970752,1.047927,8832.511700,6183.008111,9373.326100
931.248000,CONNECTED,-98,-77,19,488.614324,2.511137,9591.892500,7026.968291,10217.286280
932.250000,CONNECTED,-98,-79,20,177.107109,0.145120,10071.940000,7804.672611,10994.990600
933.250000,CONNECTED,-98,-79,21,32.278665,0.354450,7641.631600,7271.348251,10461.666240
934.253000,CONNECTED,-98,-76,19,105.067131,3.324545,8343.406700,5002.533091,8192.851080
935.256000,CONNECTED,-98,-81,18,303.722866,3.318646,9151.698000,6375.546391,9565.864380
936.257000,CONNECTED,-98,-76,19,362.665814,2.013481,9065.470600,7570.053751,10760.371740
937.258000,CONNECTED,-98,-79,19,370.875172,0.316384,9860.356800,7114.297131,10304.615120
938.258000,CONNECTED,-98,-81,20,450.605418,0.393001,8859.684200,6705.041191,9895.359180
939.261000,CONNECTED,-98,-79,19,428.331011,0.378132,9000.618900,7808.777291,10999.095280
940.262000,CONNECTED,-98,-82,20,356.184189,0.337475,9553.331200,7658.759611,10849.077600
941.264000,CONNECTED,-98,-84,19,434.224262,0.412723,8904.423000,7391.523791,10581.841780
942.266000,CONNECTED,-98,-82,20,503.056263,0.407396,9503.476500,7480.649911,10670.967900
943.267000,CONNECTED,-99,-84,19,546.243222,0.443011,9138.882000,7488.063671,10678.381660
944.268000,CONNECTED,-97,-77,19,77.558641,1.161151,7437.799500,7580.367671,10770.685660
945.268000,CONNECTED,-97,-77,19,462.618481,3.501454,10500.823500,5283.003471,8473.321460
946.269000,CONNECTED,-97,-80,19,589.039261,0.464598,9227.073000,8097.548131,11287.866120
947.271000,CONNECTED,-100,-80,19,578.232846,0.471744,9722.878500,7093.492971,10283.810960
948.271000,CONNECTED,-100,-84,16,833.416871,0.579105,9060.370500,6740.089051,9930.407040
949.273000,CONNECTED,-99,-82,19,1147.436159,0.785301,9768.766500,6779.305711,9969.623700
950.273000,CONNECTED,-98,-79,19,1373.125976,0.928372,9568.006500,7145.460411,10335.778400
951.274000,CONNECTED,-98,-79,19,1278.595606,0.904236,9622.857000,7006.171831,10196.489820
952.275000,CONNECTED,-98,-79,18,979.855516,0.613897,10097.869500,7398.385011,10588.703000
953.276000,CONNECTED,-99,-82,19,1013.116006,0.675429,9232.450500,7529.997451,10720.315440
954.277000,CONNECTED,-99,-82,19,912.089548,0.583030,8896.177500,7314.136291,10504.454280
955.278000,CONNECTED,-99,-84,20,1029.320051,0.692862,9634.329000,7049.356811,10239.674800
956.279000,CONNECTED,-96,-84,19,1054.144651,0.697241,9547.930500,7615.460771,10805.778760
957.280000,CONNECTED,-96,-82,20,284.952107,0.322241,8607.585000,7376.069631,10566.387620
958.281000,CONNECTED,-96,-82,19,84.410725,1.167712,7405.893000,5919.178391,9109.496380
959.281000,CONNECTED,-96,-82,20,292.688907,3.907680,8214.669000,5716.690491,8907.008480
960.281000,CONNECTED,-97,-85,19,679.220783,4.660364,10348.819500,6806.342371,9996.660360
961.285000,CONNECTED,-97,-80,19,388.698853,0.395582,8092.779000,8102.439411,11292.757400
962.285000,CONNECTED,-97,-80,19,726.654561,0.545977,9940.129500,6613.177811,9803.495800
963.287000,CONNECTED,-98,-84,19,765.619799,0.617344,9728.614500,7719.267511,10909.585500
964.287000,CONNECTED,-98,-84,21,657.802430,0.497874,9794.937000,8037.155671,11227.473660
965.289000,CONNECTED,-99,-84,19,532.264206,0.440960,9853.014000,7882.711371,11073.029360
966.289000,CONNECTED,-99,-84,19,381.106864,0.307161,9462.966000,7618.762911,10809.080900
967.292000,CONNECTED,-96,-86,19,373.160707,0.319587,9220.978500,7481.249291,10671.567280
968.293000,CONNECTED,-96,-83,19,569.666716,0.480871,8800.099500,7091.104031,10281.422020
969.296000,CONNECTED,-96,-87,18,462.420201,0.399232,9672.330000,7294.219151,10484.537140
970.296000,CONNECTED,-96,-89,19,333.605200,0.358518,9711.060400,7535.000291,10725.318280
971.297000,CONNECTED,-95,-89,19,419.765854,0.392778,9758.754600,7553.291491,10743.609480
972.298000,CONNECTED,-95,-89,19,508.087477,0.423904,9922.469000,7159.583271,10349.901260
973.298000,CONNECTED,-95,-87,18,381.731075,0.344544,8488.519200,7385.806431,10576.124420
974.298000,CONNECTED,-96,-87,19,442.015275,0.381056,9543.607800,6907.222331,10097.540320
975.298000,CONNECTED,-96,-85,19,399.473495,0.363812,8735.901800,7218.935991,10409.253980
976.299000,CONNECTED,-95,-81,19,499.897796,0.440072,9126.715600,7056.483311,10246.801300
977.301000,CONNECTED,-96,-81,18,511.057328,0.418035,9957.240200,7584.637331,10774.955320
978.303000,CONNECTED,-97,-84,19,564.591940,0.449280,9667.480200,7531.982531,10722.300520
979.303000,CONNECTED,-97,-84,19,508.193401,0.447296,10068.073400,7460.819911,10651.137900
980.303000,CONNECTED,-99,-84,19,884.732160,0.769889,9696.818400,7333.053091,10523.371080
981.304000,CONNECTED,-99,-84,19,1572.204738,1.067573,10068.797800,7477.649491,10667.967480
982.306000,CONNECTED,-99,-88,18,1639.806083,1.138048,10432.808800,7386.921551,10577.239540
983.308000,CONNECTED,-97,-88,18,1674.007400,1.167774,9616.772200,7771.614291,10961.932280
984.309000,CONNECTED,-97,-86,18,1877.349277,1.279542,10034.751000,7908.701851,11099.019840
985.310000,CONNECTED,-94,-86,18,1579.090940,0.980096,9372.649400,7659.292611,10849.610600
986.310000,CONNECTED,-97,-86,19,1482.974204,0.892800,9262.540600,7346.711531,10537.029520
987.310000,CONNECTED,-97,-84,19,1782.308996,1.149408,9260.367400,7748.310751,10938.628740
988.310000,CONNECTED,-97,-84,18,1459.829430,0.870176,10003.601800,7680.363151,10870.681140
989.310000,CONNECTED,-98,-86,18,1285.319498,0.780947,10563.925200,7733.048351,10923.366340
990.311000,CONNECTED,-98,-89,18,1411.901284,0.839072,9746.802000,7744.436711,10934.754700
991.311000,CONNECTED,-98,-89,18,1314.065675,0.840176,9672.188800,7905.559051,11095.877040
992.313000,CONNECTED,-94,-89,18,1197.752835,0.818696,9369.751800,7592.089231,10782.407220
993.315000,CONNECTED,-94,-91,17,1360.373838,0.910624,9169.093000,7314.725611,10505.043600
994.316000,CONNECTED,-95,-95,15,1286.154440,0.865548,9785.919600,7428.182591,10618.500580
995.316000,CONNECTED,-94,-95,15,1310.432821,0.769596,10375.581200,7727.304111,10917.622100
996.316000,CONNECTED,-92,-92,16,1336.053936,0.884441,9969.555000,8242.704931,11433.022920
997.316000,CONNECTED,-92,-96,15,1290.073430,0.864077,9436.034400,7478.159791,10668.477780
998.317000,CONNECTED,-93,-91,17,1183.131921,0.739887,9367.216400,7487.024991,10677.342980
999.318000,CONNECTED,-93,-96,15,1235.982543,0.751078,9961.586600,7581.917051,10772.235040
1000.319000,CONNECTED,-93,-88,18,1374.418399,0.772030,9667.354800,7849.318731,11039.636720
1001.319000,CONNECTED,-92,-88,20,1595.029754,0.935510,10922.750100,8258.772591,11449.090580
1002.322000,CONNECTED,-92,-88,19,1483.914063,0.792006,10642.514400,8871.804251,12062.122240
1003.325000,CONNECTED,-93,-88,18,1228.592293,0.686480,9388.074900,8540.529431,11730.847420
1004.326000,CONNECTED,-93,-88,19,1604.887461,0.880256,10546.239300,7607.952431,10798.270420
1005.326000,CONNECTED,-93,-88,19,1635.022779,0.970112,9918.124800,8302.319371,11492.637360
1006.327000,CONNECTED,-93,-88,18,1626.369981,0.865651,10050.905700,7955.971231,11146.289220
1007.327000,CONNECTED,-93,-88,18,1764.390506,1.001992,10906.644600,8512.102151,11702.420140
1008.329000,CONNECTED,-93,-88,18,1761.475564,1.041248,10117.117200,8609.791671,11800.109660
1009.329000,CONNECTED,-93,-88,18,1739.328843,1.080763,9913.830000,8503.161491,11693.479480
1010.332000,CONNECTED,-93,-88,18,1772.430262,1.034843,10089.201000,8351.870711,11542.188700
1011.333000,CONNECTED,-93,-88,18,1829.991786,1.052616,10391.268600,8508.563891,11698.881880
1012.334000,CONNECTED,-93,-88,19,1633.200580,0.967754,9938.883000,8408.617531,11598.935520
1013.337000,CONNECTED,-93,-88,19,1652.599811,1.004488,10053.411000,8174.902171,11365.220160
1014.339000,CONNECTED,-92,-88,18,1635.708771,1.002004,10588.113600,8488.604611,11678.922600
1015.340000,CONNECTED,-92,-88,18,1299.141176,0.785495,10864.054500,8484.153731,11674.471720
1016.342000,CONNECTED,-93,-90,17,1262.123767,0.752157,9844.039500,8341.407231,11531.725220
1017.343000,CONNECTED,-93,-90,17,1223.142561,0.788102,10002.589200,8176.799171,11367.117160
1018.346000,CONNECTED,-92,-90,16,1343.693748,0.918479,10256.698200,7715.416651,10905.734640
1019.347000,CONNECTED,-91,-93,16,1441.469993,0.999261,10010.820900,8021.926411,11212.244400
1020.348000,CONNECTED,-91,-91,16,1223.868505,0.796391,9528.371700,8057.864851,11248.182840
1021.349000,CONNECTED,-92,-89,18,1319.756475,0.929525,10474.301400,8250.277971,11440.595960
1022.351000,CONNECTED,-92,-91,16,1357.186053,0.851058,10151.475600,8391.096551,11581.414540
1023.352000,CONNECTED,-93,-94,16,1394.038089,0.849039,9500.813400,7911.826051,11102.144040
1024.353000,CONNECTED,-93,-94,18,1325.384641,0.881492,9402.390900,7970.451071,11160.769060
1025.356000,CONNECTED,-92,-92,16,1352.915438,0.856882,9147.924000,7587.040011,10777.358000
1026.357000,CONNECTED,-92,-92,17,1416.894883,0.819936,9785.343900,7658.580311,10848.898300
1027.357000,CONNECTED,-92,-89,18,1476.471751,0.886878,10110.675000,7932.963951,11123.281940
1028.357000,CONNECTED,-92,-89,17,1368.446484,0.818816,9658.289400,8219.423851,11409.741840
1029.357000,CONNECTED,-92,-91,17,1496.647137,1.002940,9986.483700,7815.139751,11005.457740
1030.361000,CONNECTED,-93,-91,18,1271.456070,0.841934,9654.159800,7885.133251,11075.451240
1031.363000,CONNECTED,-93,-93,16,1276.221420,0.820780,9500.120000,7522.391131,10712.709120
1032.364000,CONNECTED,-94,-93,16,980.603449,0.691392,9285.823400,7481.591991,10671.909980
1033.364000,CONNECTED,-94,-93,16,1040.614812,0.661323,9889.189800,7084.766991,10275.084980
1034.365000,CONNECTED,-94,-93,17,1184.326834,0.726597,9881.212600,7693.634651,10883.952640
1035.367000,CONNECTED,-94,-93,16,1289.912072,0.868192,9751.401800,7583.820611,10774.138600
1036.367000,CONNECTED,-93,-93,17,1318.556078,0.831369,9803.253600,7676.300911,10866.618900
1037.368000,CONNECTED,-95,-93,16,1039.541994,0.744545,9068.263400,7984.638771,11174.956760
1038.369000,CONNECTED,-95,-95,16,1369.245220,0.807419,9725.657200,7157.791551,10348.109540
1039.370000,CONNECTED,-93,-88,17,1445.064801,0.904046,9954.457800,8201.456571,11391.774560
1040.371000,CONNECTED,-93,-88,17,1191.972352,0.789700,9780.409800,8407.236451,11597.554440
1041.371000,CONNECTED,-95,-90,17,1270.880440,0.849390,9888.102000,7977.573371,11167.891360
1042.373000,CONNECTED,-95,-90,17,1257.949185,0.833190,9836.250200,7756.849351,10947.167340
1043.375000,CONNECTED,-93,-93,16,1203.187043,0.747095,10065.050800,7835.845071,11026.163060
1044.377000,CONNECTED,-93,-93,16,1101.413270,0.694601,10301.103400,8139.815871,11330.133860
1045.378000,CONNECTED,-93,-93,16,1114.593473,0.725674,9747.050600,7997.038051,11187.356040
1046.379000,CONNECTED,-91,-93,16,800.443571,0.590296,9679.607000,7695.121831,10885.439820
1047.380000,CONNECTED,-91,-98,13,727.565227,0.583456,10137.570800,7964.261811,11154.579800
1048.380000,CONNECTED,-91,-98,14,660.265602,0.553312,9451.531600,7515.093211,10705.411200
1049.380000,CONNECTED,-90,-98,13,585.798007,0.564702,9960.984600,6894.747091,10085.065080
1050.382000,CONNECTED,-92,-98,13,607.623234,0.453376,9478.001400,7222.063631,10412.381620
1051.382000,CONNECTED,-92,-96,12,421.133296,0.460504,9112.863200,7118.352971,10308.670960
1052.385000,CONNECTED,-91,-96,12,338.052043,0.400160,9599.472400,7106.699151,10297.017140
1053.387000,CONNECTED,-91,-96,11,292.078720,0.334893,8863.757000,7289.305191,10479.623180
1054.387000,CONNECTED,-83,-101,10,186.379984,0.570240,8933.376200,6975.772211,10166.090200
1055.387000,CONNECTED,-88,-99,11,46.224872,0.534841,7539.541800,6627.780591,9818.098580
1056.390000,CONNECTED,-88,-99,10,89.421613,2.427393,6705.924400,5376.510991,8566.828980
1057.390000,CONNECTED,-88,-99,11,115.576090,1.694840,8892.765000,4971.272231,8161.590220
1061.394000,CONNECTED,-93,-51,5,61.280661,1.080254,8750.127800,5721.796231,8912.114220
1064.401000,CONNECTED,-85,-104,10,66.004226,0.977568,8871.727100,5312.403951,8502.721940
1065.401000,CONNECTED,-86,-104,9,68.956238,1.513055,8059.989000,5978.343051,9168.661040
1066.402000,CONNECTED,-88,-101,8,69.130726,1.226644,7774.463800,6173.754391,9364.072380
1067.402000,CONNECTED,-93,-101,9,73.542737,1.216269,7604.081300,5357.117851,8547.435840
1068.403000,CONNECTED,-91,-104,8,80.232970,1.278092,7776.616000,5007.799411,8198.117400
1069.404000,CONNECTED,-91,-104,10,84.095237,1.256864,6488.165600,5308.584011,8498.902000
1070.404000,CONNECTED,-90,-101,10,73.170367,1.093344,7839.388500,5276.307291,8466.625280
1071.404000,CONNECTED,-90,-101,8,76.573257,1.106026,8475.004900,5779.979131,8970.297120
1072.407000,CONNECTED,-88,-101,11,86.256381,0.994464,7585.428900,5983.852831,9174.170820
1073.407000,CONNECTED,-89,-101,8,71.621027,0.966976,6269.717300,4674.172431,7864.490420
1074.407000,CONNECTED,-92,-104,9,72.450625,0.897920,6639.895700,4208.502991,7398.820980
1075.407000,CONNECTED,-92,-104,8,76.933247,0.869024,6803.821600,4310.277671,7500.595660
1076.407000,CONNECTED,-90,-104,7,82.290269,0.909384,6161.748600,4367.557871,7557.875860
1077.408000,CONNECTED,-90,-104,6,84.839862,0.961120,7025.856900,4182.323211,7372.641200
1078.409000,CONNECTED,-90,-104,8,72.677350,1.010441,6364.772800,4674.746551,7865.064540
1079.411000,CONNECTED,-92,-104,8,81.085119,1.009312,6737.103400,4473.164251,7663.482240
1080.411000,CONNECTED,-92,-104,4,84.075560,0.973555,7182.608800,4318.858291,7509.176280
1081.412000,CONNECTED,-91,-107,6,88.539581,1.114909,6698.363800,4127.447671,7317.765660
1082.413000,CONNECTED,-92,-107,6,131.083424,1.654221,8696.322800,4265.713191,7456.031180
1083.417000,CONNECTED,-93,-109,3,69.785454,0.872118,6841.843800,5879.478851,9069.796840
1084.418000,CONNECTED,-93,-109,2,114.555213,1.383522,7151.760600,4643.181891,7833.499880
1085.419000,CONNECTED,-91,-106,6,81.087270,0.963648,7307.795100,5361.106151,8551.424140
1086.419000,CONNECTED,-91,-106,5,93.611965,1.034180,6834.669800,4434.162551,7624.480540
1087.421000,CONNECTED,-91,-106,7,95.325904,1.129856,6692.983300,4741.314651,7931.632640
1088.421000,CONNECTED,-93,-106,6,100.509782,1.123318,6502.872300,4210.686191,7401.004180
1089.423000,CONNECTED,-93,-108,5,78.399709,0.747328,6668.233000,4941.477631,8131.795620
1090.424000,CONNECTED,-90,-108,4,147.915284,1.628153,8033.912500,4140.111491,7330.429480
1091.426000,CONNECTED,-91,-108,6,97.416117,1.017521,6649.295400,6105.516811,9295.834800
1092.428000,CONNECTED,-95,-108,3,93.934492,0.949501,6860.900000,4563.620011,7753.938000
1093.433000,CONNECTED,-95,-111,2,81.655881,1.082548,6743.181400,4306.933931,7497.251920
1094.434000,CONNECTED,-91,-111,4,129.820939,1.519296,7659.653200,4662.417151,7852.735140
1095.434000,CONNECTED,-92,-111,4,70.927694,0.791756,6567.686800,5642.692511,8833.010500
1096.436000,CONNECTED,-92,-111,3,61.209018,0.912902,7015.089700,3851.849751,7042.167740
1097.436000,CONNECTED,-93,-111,2,62.014321,0.854765,6322.861000,4367.603071,7557.921060
1098.438000,CONNECTED,-93,-111,0,68.996517,0.835560,6125.339300,4034.619811,7224.937800
1099.439000,CONNECTED,-91,-111,3,98.851930,1.179095,7072.143500,4120.002751,7310.320740
1100.440000,CONNECTED,-92,-109,4,101.798379,1.097700,6514.966200,4389.114091,7579.432080
1101.441000,CONNECTED,-92,-109,2,82.225606,0.874038,6297.222900,4649.925171,7840.243160
1102.442000,CONNECTED,-92,-109,3,73.001141,0.881601,6158.199400,4290.692371,7481.010360
1103.443000,CONNECTED,-86,-111,1,65.868196,0.825921,6631.601500,3806.377471,6996.695460
1104.444000,CONNECTED,-86,-111,0,86.473229,1.033362,6286.028800,3766.359591,6956.677580
1105.446000,CONNECTED,-86,-111,2,94.464345,1.085171,5870.763800,3730.145131,6920.463120
1106.447000,CONNECTED,-81,-111,2,104.742684,1.203488,5618.716000,3544.472431,6734.790420
1107.447000,CONNECTED,-81,-111,3,103.158080,0.910761,6200.087000,3414.498011,6604.816000
1108.449000,CONNECTED,-78,-111,1,104.582272,1.220261,6143.033200,3738.427171,6928.745160
1109.451000,CONNECTED,-81,-113,0,84.846420,1.033416,7284.831400,4088.217031,7278.535020
1110.453000,CONNECTED,-88,-113,0,85.950041,1.121619,6736.681600,4714.422211,7904.740200
1111.454000,CONNECTED,-88,-113,0,96.132090,1.103552,6529.771300,4060.795671,7251.113660
1112.455000,CONNECTED,-88,-113,0,68.623314,0.827644,6536.632200,4081.397851,7271.715840
1113.458000,CONNECTED,-87,-113,0,69.857305,0.997562,5958.511100,3708.556011,6898.874000
1114.459000,CONNECTED,-87,-113,3,80.400298,1.021794,5981.260400,3797.759011,6988.077000
1115.460000,CONNECTED,-86,-111,2,81.622663,1.103584,6934.925500,3724.016111,6914.334100
1116.460000,CONNECTED,-86,-108,3,74.404682,1.002784,6326.110900,4489.634531,7679.952520
1117.460000,CONNECTED,-88,-106,1,69.983956,0.833401,6110.895300,3919.998091,7110.316080
1118.462000,CONNECTED,-87,-106,1,76.455177,0.930792,6156.755000,3900.765931,7091.083920
1119.464000,CONNECTED,-81,-109,4,78.637310,0.910272,6482.828300,3312.288151,6502.606140
1120.464000,CONNECTED,-81,-111,0,159.185156,1.882253,8117.121100,3755.470011,6945.788000
1121.466000,CONNECTED,-89,-111,2,87.236283,0.736664,7017.692000,5266.699351,8457.017340
1125.474000,CONNECTED,-83,-104,7,82.587078,1.090688,7931.326400,4779.339991,7969.657980
1126.474000,CONNECTED,-79,-107,1,54.324498,0.726336,7116.404000,5007.041271,8197.359260
1127.474000,CONNECTED,-78,-107,7,84.641966,1.258374,7284.945600,4619.324311,7809.642300
1128.475000,CONNECTED,-77,-107,6,285.721293,3.337144,8482.285600,4955.491571,8145.809560
1132.479000,CONNECTED,-88,-104,10,70.408576,1.458976,7183.308800,4242.692231,7433.010220
1133.479000,CONNECTED,-95,-99,12,71.746631,1.181932,8028.210400,4846.289251,8036.607240
1134.484000,CONNECTED,-95,-102,11,56.132042,0.974780,7978.854400,5392.126171,8582.444160
1135.485000,CONNECTED,-94,-102,10,64.488030,1.054063,7487.853600,5868.367671,9058.685660
1136.488000,CONNECTED,-91,-104,9,63.439646,1.063403,7598.264800,5298.893271,8489.211260
1140.495000,CONNECTED,-94,-101,10,48.203170,0.867072,6735.814400,4077.074171,7267.392160
1143.499000,CONNECTED,-93,-102,4,68.748574,1.118496,7569.748000,4381.858991,7572.176980
1144.499000,CONNECTED,-94,-100,10,162.591433,2.075908,7585.834400,5375.220591,8565.538580
1145.501000,CONNECTED,-93,-98,12,327.880082,2.590152,8007.371200,5354.674471,8544.992460
1146.503000,CONNECTED,-92,-98,12,359.282761,0.396718,8031.500800,5711.388811,8901.706800
1147.505000,CONNECTED,-92,-98,10,422.182410,0.399273,8200.042400,5640.002391,8830.320380
1148.508000,CONNECTED,-93,-95,10,459.114222,0.404282,8985.716800,5972.555571,9162.873560
1149.512000,CONNECTED,-93,-95,5,504.354196,0.418990,8914.790400,6187.896211,9378.214200
1150.512000,CONNECTED,-94,-93,15,526.571085,0.423056,8636.457600,6017.562871,9207.880860
1151.513000,CONNECTED,-95,-96,11,474.795173,0.387712,8902.504800,6119.635391,9309.953380
1152.513000,CONNECTED,-95,-98,10,650.025311,0.531232,8579.095200,6033.302871,9223.620860
1153.513000,CONNECTED,-93,-98,13,555.248726,0.438048,8737.158000,6569.845771,9760.163760
1154.513000,CONNECTED,-92,-98,10,825.865107,0.595597,9296.205000,6730.381451,9920.699440
1155.516000,CONNECTED,-93,-93,16,825.735422,0.594732,8466.557400,6533.605251,9723.923240
1156.517000,CONNECTED,-93,-93,11,829.052195,0.610688,9489.959400,6574.852091,9765.170080
1157.517000,CONNECTED,-94,-96,7,814.645386,0.578944,8527.014600,6609.826531,9800.144520
1158.518000,CONNECTED,-94,-96,5,817.039462,0.604312,8382.063000,6600.582591,9790.900580
1159.521000,CONNECTED,-93,-96,5,825.035773,0.601775,9434.601000,6523.840531,9714.158520
1160.522000,CONNECTED,-93,-96,11,624.178538,0.545504,9387.255000,7115.497811,10305.815800
1161.522000,CONNECTED,-93,-96,13,620.030546,0.461211,9374.143800,7750.467871,10940.785860
1162.523000,CONNECTED,-92,-96,11,513.932599,0.455061,8513.539200,7346.484391,10536.802380
1163.524000,CONNECTED,-88,-98,9,511.040794,0.473870,8554.329600,6364.005751,9554.323740
1164.526000,CONNECTED,-89,-98,11,376.179723,0.430496,8517.545400,6330.637031,9520.955020
1165.527000,CONNECTED,-89,-100,9,423.208455,0.446409,8510.625600,6136.078891,9326.396880
1166.528000,CONNECTED,-91,-100,10,706.020853,0.517088,8736.429600,6362.027231,9552.345220
1167.528000,CONNECTED,-91,-94,13,571.025117,0.453376,8773.578000,6509.464211,9699.782200
1168.528000,CONNECTED,-93,-98,9,401.989419,0.411840,8437.785600,6430.040071,9620.358060
1169.528000,CONNECTED,-93,-98,11,554.974808,0.485056,9062.388600,6278.023771,9468.341760
1170.528000,CONNECTED,-93,-98,10,482.717866,0.420919,8454.174600,6377.897431,9568.215420
1171.531000,CONNECTED,-91,-98,9,713.425166,0.570571,8834.399400,6207.596911,9397.914900
1172.531000,CONNECTED,-92,-94,11,482.342507,0.448960,8803.078200,6587.700111,9778.018100
1173.531000,CONNECTED,-93,-100,10,639.535453,0.535526,8197.049400,6615.799951,9806.117940
1174.532000,CONNECTED,-93,-93,10,451.401183,0.410592,7477.390200,6242.883591,9433.201580
1175.532000,CONNECTED,-92,-98,6,622.178492,0.476736,8690.176200,5455.886611,8646.204600
1176.532000,CONNECTED,-92,-92,11,658.256309,0.495032,8962.233600,6338.332331,9528.650320
1177.533000,CONNECTED,-95,-92,11,822.556031,0.612595,8931.276600,6431.916411,9622.234400
1178.534000,CONNECTED,-95,-94,10,798.999486,0.640224,8440.335000,6602.909051,9793.227040
1179.534000,CONNECTED,-95,-92,9,805.403664,0.692080,8907.603600,6728.793191,9919.111180
1180.536000,CONNECTED,-92,-92,9,798.968293,0.708834,8485.347000,6460.885111,9651.203100
1181.537000,CONNECTED,-91,-92,9,795.980765,0.621088,8612.738000,6470.151551,9660.469540
1182.537000,CONNECTED,-91,-92,9,798.362655,0.582318,8784.213000,6211.016351,9401.334340
1183.538000,CONNECTED,-91,-92,9,823.372435,0.619840,8449.927000,6334.585631,9524.903620
1184.539000,CONNECTED,-93,-92,10,840.169133,0.669336,8661.112000,6287.039211,9477.357200
1185.540000,CONNECTED,-93,-92,8,831.536051,0.639503,8438.375000,6420.485011,9610.803000
1186.541000,CONNECTED,-93,-92,9,838.969751,0.680189,8996.842000,6387.062291,9577.380280
1187.544000,CONNECTED,-93,-92,10,834.146400,0.642868,9126.441000,6392.967291,9583.285280
1188.545000,CONNECTED,-93,-92,9,827.238755,0.673642,8343.793000,6307.585851,9497.903840
1189.546000,CONNECTED,-93,-92,9,836.321053,0.635648,8507.687000,6330.051011,9520.369000
1190.546000,CONNECTED,-93,-92,9,823.223974,0.619008,8728.258000,6330.384831,9520.702820
1191.546000,CONNECTED,-93,-92,9,822.195588,0.602207,8572.306000,6507.773871,9698.091860
1192.548000,CONNECTED,-93,-92,10,823.156440,0.609658,8377.005000,6263.571811,9453.889800
1193.548000,CONNECTED,-92,-92,9,817.938978,0.668288,8136.940000,6423.830691,9614.148680
1194.548000,CONNECTED,-92,-92,10,810.335732,0.679840,8745.947000,6285.452871,9475.770860
1195.548000,CONNECTED,-94,-92,9,866.174092,0.654169,8301.917000,6321.091231,9511.409220
1196.550000,CONNECTED,-94,-92,9,829.312096,0.663648,8426.101000,6403.932091,9594.250080
1197.550000,CONNECTED,-93,-92,10,817.154033,0.725899,8739.088000,6389.144471,9579.462460
1198.552000,CONNECTED,-94,-95,8,835.124837,0.674464,8127.554000,6327.998671,9518.316660
1199.553000,CONNECTED,-93,-95,8,763.963879,0.576629,8581.331000,6290.729891,9481.047880
1200.554000,CONNECTED,-94,-93,13,982.652062,0.788339,8786.379000,6472.570431,9662.888420
1201.555000,CONNECTED,-94,-93,11,939.513535,0.606318,8668.693000,6463.707731,9654.025720
1202.556000,CONNECTED,-95,-93,12,949.878608,0.691808,9170.122000,6751.388891,9941.706880
1203.556000,CONNECTED,-95,-93,11,944.649525,0.653894,8991.427000,6766.301391,9956.619380
1204.556000,CONNECTED,-95,-93,12,818.796025,0.556431,9238.351000,6811.761091,10002.079080