enabled_radio_type,carrier,interval,timestamp,RTT1,RTT2,active_radio_type,KeepOrDrop
4G-LTE,T-Mobile,0,1621889005936,52,51,4,YEP
4G-LTE,T-Mobile,0.1,1621889006087,80,80,4,YEP
4G-LTE,T-Mobile,0.2,1621889006368,120,119,4,YEP
4G-LTE,T-Mobile,0.3,1621889006787,110,110,4,YEP
4G-LTE,T-Mobile,0.4,1621889007297,160,160,4,YEP
4G-LTE,T-Mobile,0.5,1621889007957,150,150,4,YEP
4G-LTE,T-Mobile,0.6,1621889008707,350,350,4,YEP
4G-LTE,T-Mobile,0.7,1621889009757,251,252,4,YEP
4G-LTE,T-Mobile,0.8,1621889010809,88,88,4,YEP
4G-LTE,T-Mobile,0.9,1621889011797,130,130,4,YEP
4G-LTE,T-Mobile,1,1621889012928,270,269,4,YEP
4G-LTE,T-Mobile,1.1,1621889014298,190,189,4,YEP
4G-LTE,T-Mobile,1.2,1621889015687,90,90,4,YEP
4G-LTE,T-Mobile,1.3,1621889017077,300,300,4,YEP
4G-LTE,T-Mobile,1.4,1621889018778,200,199,4,YEP
4G-LTE,T-Mobile,1.5,1621889020478,90,90,4,YEP
4G-LTE,T-Mobile,1.6,1621889022168,338,337,4,YEP
4G-LTE,T-Mobile,1.7,1621889024205,212,212,4,YEP
4G-LTE,T-Mobile,1.8,1621889026218,110,109,4,YEP
4G-LTE,T-Mobile,1.9,1621889028228,348,347,4,YEP
4G-LTE,T-Mobile,2,1621889030575,242,242,4,YEP
4G-LTE,T-Mobile,2.1,1621889032918,130,129,4,YEP
4G-LTE,T-Mobile,2.2,1621889035248,370,369,4,YEP
4G-LTE,T-Mobile,2.3,1621889037918,260,259,4,YEP
4G-LTE,T-Mobile,2.4,1621889040578,150,149,4,YEP
4G-LTE,T-Mobile,2.5,1621889043228,390,389,4,YEP
4G-LTE,T-Mobile,2.6,1621889046218,280,279,4,YEP
4G-LTE,T-Mobile,2.7,1621889049198,170,169,4,YEP
4G-LTE,T-Mobile,2.8,1621889052168,76,76,4,YEP
4G-LTE,T-Mobile,2.9,1621889055144,313,313,4,YEP
4G-LTE,T-Mobile,3,1621889058457,190,190,4,YEP
4G-LTE,T-Mobile,3.1,1621889061748,100,99,4,YEP
4G-LTE,T-Mobile,3.2,1621889065048,330,329,4,YEP
4G-LTE,T-Mobile,3.3,1621889068678,220,219,4,YEP
4G-LTE,T-Mobile,3.4,1621889072298,110,109,4,YEP
4G-LTE,T-Mobile,3.5,1621889075908,60,60,4,BAD
4G-LTE,T-Mobile,3.6,1621889079568,209,209,4,BAD
4G-LTE,T-Mobile,3.7,1621889083478,130,129,4,BAD
4G-LTE,T-Mobile,3.8,1621889087408,370,370,4,BAD
4G-LTE,T-Mobile,3.9,1621889091678,264,263,4,YEP
4G-LTE,T-Mobile,4,1621889095941,156,156,4,YEP
4G-LTE,T-Mobile,4.1,1621889100198,380,379,4,BAD
4G-LTE,T-Mobile,4.2,1621889104778,270,269,4,YEP
4G-LTE,T-Mobile,4.3,1621889109348,190,189,4,YEP
4G-LTE,T-Mobile,4.4,1621889113938,400,399,4,YEP
4G-LTE,T-Mobile,4.5,1621889118838,292,292,4,BAD
4G-LTE,T-Mobile,4.6,1621889123730,197,197,4,BAD
4G-LTE,T-Mobile,4.7,1621889128628,110,109,4,YEP
4G-LTE,T-Mobile,4.8,1621889133538,90,89,4,YEP
4G-LTE,T-Mobile,4.9,1621889138528,130,129,4,YEP
4G-LTE,T-Mobile,5,1621889143658,678,677,4,YEP
4G-LTE,T-Mobile,5.1,1621889149436,1284,1283,4,YEP
4G-LTE,T-Mobile,5.2,1621889155920,1213,1212,4,YEP
4G-LTE,T-Mobile,5.3,1621889162433,266,266,4,BAD
4G-LTE,T-Mobile,5.4,1621889168099,364,363,4,BAD
4G-LTE,T-Mobile,5.5,1621889173963,1103,1103,4,BAD
4G-LTE,T-Mobile,5.6,1621889180666,810,810,4,YEP
4G-LTE,T-Mobile,5.7,1621889187176,688,688,4,YEP
4G-LTE,T-Mobile,5.8,1621889193664,593,593,4,YEP
4G-LTE,T-Mobile,5.9,1621889200157,491,491,4,YEP
4G-LTE,T-Mobile,6,1621889206648,413,413,4,YEP
4G-LTE,T-Mobile,6.1,1621889213161,1588,1589,4,YEP
4G-LTE,T-Mobile,6.2,1621889220950,1459,1459,4,YEP
4G-LTE,T-Mobile,6.3,1621889228709,1389,1389,4,YEP
4G-LTE,T-Mobile,6.4,1621889236498,1283,1283,4,YEP
4G-LTE,T-Mobile,6.5,1621889244281,1177,1177,4,YEP
4G-LTE,T-Mobile,6.6,1621889252058,1085,1085,4,YEP
4G-LTE,T-Mobile,6.7,1621889259843,981,980,4,YEP
4G-LTE,T-Mobile,6.8,1621889267624,889,888,4,YEP
4G-LTE,T-Mobile,6.9,1621889275413,768,768,4,YEP
4G-LTE,T-Mobile,7,1621889283181,686,686,4,YEP
4G-LTE,T-Mobile,7.1,1621889290967,580,579,4,YEP
4G-LTE,T-Mobile,7.2,1621889298747,479,479,4,YEP
4G-LTE,T-Mobile,7.3,1621889306526,382,382,4,YEP
4G-LTE,T-Mobile,7.4,1621889314308,1554,1554,4,YEP
4G-LTE,T-Mobile,7.5,1621889323362,1468,1468,4,YEP
4G-LTE,T-Mobile,7.6,1621889332430,1361,1361,4,YEP
4G-LTE,T-Mobile,7.7,1621889341491,1258,1259,4,YEP
4G-LTE,T-Mobile,7.8,1621889350550,1152,1152,4,YEP
4G-LTE,T-Mobile,7.9,1621889369602,1331,1332,4,OUT
4G-LTE,T-Mobile,8,1621889378934,940,940,4,YEP
4G-LTE,T-Mobile,8.1,1621889387974,875,875,4,YEP
4G-LTE,T-Mobile,8.2,1621889397049,725,725,4,YEP
4G-LTE,T-Mobile,8.3,1621889406074,685,685,4,YEP
4G-LTE,T-Mobile,8.4,1621889415159,545,545,4,YEP
4G-LTE,T-Mobile,8.5,1621889424204,490,490,4,YEP
4G-LTE,T-Mobile,8.6,1621889433294,380,380,4,YEP
4G-LTE,T-Mobile,8.7,1621889442374,1490,1490,4,YEP
4G-LTE,T-Mobile,8.8,1621889452664,1500,1500,4,YEP
4G-LTE,T-Mobile,8.9,1621889463064,1325,1325,4,YEP
4G-LTE,T-Mobile,9,1621889473389,1205,1205,4,YEP
4G-LTE,T-Mobile,9.1,1621889483694,1170,1170,4,YEP
4G-LTE,T-Mobile,9.2,1621889494064,1005,1005,4,YEP
4G-LTE,T-Mobile,9.3,1621889504369,935,935,4,YEP
4G-LTE,T-Mobile,9.4,1621889514704,855,855,4,YEP
4G-LTE,T-Mobile,9.5,1621889525059,735,735,4,YEP
4G-LTE,T-Mobile,9.6,1621889535394,695,695,4,YEP
4G-LTE,T-Mobile,9.7,1621889545789,485,485,4,YEP
4G-LTE,T-Mobile,9.8,1621889556074,430,430,4,YEP
4G-LTE,T-Mobile,9.9,1621889566404,351,350,4,YEP
4G-LTE,T-Mobile,10,1621889576754,1574,1575,4,YEP
4G-LTE,T-Mobile,10.1,1621889588429,1375,1375,4,YEP
4G-LTE,T-Mobile,10.2,1621889600004,6423,6423,4,YEP
4G-LTE,T-Mobile,10.3,1621889616727,1215,1215,4,YEP
4G-LTE,T-Mobile,10.4,1621889638342,1361,1362,4,OUT
4G-LTE,T-Mobile,10.5,1621889650204,1023,1022,4,YEP
4G-LTE,T-Mobile,10.6,1621889661826,901,902,4,YEP
4G-LTE,T-Mobile,10.7,1621889673428,831,831,4,YEP
4G-LTE,T-Mobile,10.8,1621889685059,712,713,4,YEP
4G-LTE,T-Mobile,10.9,1621889696672,616,617,4,YEP
4G-LTE,T-Mobile,11,1621889708289,542,542,4,YEP
4G-LTE,T-Mobile,11.1,1621889719932,414,414,4,YEP
4G-LTE,T-Mobile,11.2,1621889731546,311,311,4,YEP
4G-LTE,T-Mobile,11.3,1621889743157,1510,1510,4,YEP
4G-LTE,T-Mobile,11.4,1621889756067,1398,1398,4,YEP
4G-LTE,T-Mobile,11.5,1621889768965,1286,1287,4,YEP
4G-LTE,T-Mobile,11.6,1621889781852,1214,1214,4,YEP
4G-LTE,T-Mobile,11.7,1621889794766,1098,1098,4,YEP
4G-LTE,T-Mobile,11.8,1621889807664,6150,6150,4,YEP
4G-LTE,T-Mobile,11.9,1621889825714,899,900,4,YEP
4G-LTE,T-Mobile,12,1621889838614,795,795,4,YEP
4G-LTE,T-Mobile,12.1,1621889851509,745,745,4,YEP
4G-LTE,T-Mobile,12.2,1621889864454,550,550,4,YEP
4G-LTE,T-Mobile,12.3,1621889877304,490,490,4,YEP
4G-LTE,T-Mobile,12.4,1621889890194,400,400,4,YEP
4G-LTE,T-Mobile,12.5,1621889903094,1629,1630,4,YEP
4G-LTE,T-Mobile,12.6,1621889917324,1425,1425,4,YEP
4G-LTE,T-Mobile,12.7,1621889931449,1370,1370,4,YEP
4G-LTE,T-Mobile,12.8,1621889945619,1300,1300,4,YEP
4G-LTE,T-Mobile,12.9,1621889959819,1185,1185,4,YEP
4G-LTE,T-Mobile,13,1621889974005,1090,1089,4,YEP
4G-LTE,T-Mobile,13.1,1621889988194,965,965,4,YEP
4G-LTE,T-Mobile,13.2,1621890002359,880,880,4,YEP
4G-LTE,T-Mobile,13.3,1621890016539,800,800,4,YEP
4G-LTE,T-Mobile,13.4,1621890030739,660,661,4,YEP
4G-LTE,T-Mobile,13.5,1621890044900,595,594,4,YEP
4G-LTE,T-Mobile,13.6,1621890059094,465,465,4,YEP
4G-LTE,T-Mobile,13.7,1621890073259,365,365,4,YEP
4G-LTE,T-Mobile,13.8,1621890087424,1620,1620,4,YEP
4G-LTE,T-Mobile,13.9,1621890102944,1375,1375,4,YEP
4G-LTE,T-Mobile,14,1621890118319,1385,1385,4,YEP
4G-LTE,T-Mobile,14.1,1621890133805,1250,1249,4,YEP
4G-LTE,T-Mobile,14.2,1621890149254,1155,1155,4,YEP
4G-LTE,T-Mobile,14.3,1621890164710,1145,1144,4,YEP
4G-LTE,T-Mobile,14.4,1621890180255,867,866,4,YEP
4G-LTE,T-Mobile,14.5,1621890195621,900,900,4,YEP
4G-LTE,T-Mobile,14.6,1621890211122,729,729,4,YEP
4G-LTE,T-Mobile,14.7,1621890226551,655,655,4,YEP
4G-LTE,T-Mobile,14.8,1621890242006,574,575,4,YEP
4G-LTE,T-Mobile,14.9,1621890257481,565,565,4,YEP
4G-LTE,T-Mobile,15,1621890273046,1519,1520,4,YEP
4G-LTE,T-Mobile,15.1,1621890289666,1569,1570,4,YEP
4G-LTE,T-Mobile,15.2,1621890306436,1455,1455,4,YEP
4G-LTE,T-Mobile,15.3,1621890323191,1310,1310,4,YEP
4G-LTE,T-Mobile,15.4,1621890339901,1310,1310,4,YEP
4G-LTE,T-Mobile,15.5,1621890356711,1084,1085,4,YEP
4G-LTE,T-Mobile,15.6,1621890373396,1060,1060,4,YEP
4G-LTE,T-Mobile,15.7,1621890390156,925,925,4,YEP
4G-LTE,T-Mobile,15.8,1621890406881,840,840,4,YEP
4G-LTE,T-Mobile,15.9,1621890423621,785,785,4,YEP
4G-LTE,T-Mobile,16,1621890440406,605,605,4,YEP
4G-LTE,T-Mobile,16.1,1621890457111,530,530,4,YEP
4G-LTE,T-Mobile,16.2,1621890473841,425,425,4,YEP
4G-LTE,T-Mobile,16.3,1621890490566,340,340,4,YEP
4G-LTE,T-Mobile,16.4,1621890507306,1520,1520,4,YEP
4G-LTE,T-Mobile,16.5,1621890525326,1430,1430,4,YEP
4G-LTE,T-Mobile,16.6,1621890543356,1295,1295,4,YEP
4G-LTE,T-Mobile,16.7,1621890561351,1240,1240,4,YEP
4G-LTE,T-Mobile,16.8,1621890579391,1095,1095,4,YEP
4G-LTE,T-Mobile,16.9,1621890597386,1045,1045,4,YEP
4G-LTE,T-Mobile,17,1621890615431,970,970,4,YEP
4G-LTE,T-Mobile,17.1,1621890633501,755,755,4,YEP
4G-LTE,T-Mobile,17.2,1621890651456,785,785,4,YEP
4G-LTE,T-Mobile,17.3,1621890669541,620,620,4,YEP
4G-LTE,T-Mobile,17.4,1621890687561,460,460,4,YEP
4G-LTE,T-Mobile,17.5,1621890705522,435,434,4,YEP
4G-LTE,T-Mobile,17.6,1621890723556,1570,1570,4,YEP
4G-LTE,T-Mobile,17.7,1621890742827,1555,1554,4,YEP
4G-LTE,T-Mobile,17.8,1621890762181,1360,1360,4,YEP
4G-LTE,T-Mobile,17.9,1621890781442,1315,1314,4,YEP
4G-LTE,T-Mobile,18,1621890800757,1260,1260,4,YEP
4G-LTE,T-Mobile,18.1,1621890820117,1045,1045,4,YEP
4G-LTE,T-Mobile,18.2,1621890839362,1010,1010,4,YEP
4G-LTE,T-Mobile,18.3,1621890858672,890,889,4,YEP
4G-LTE,T-Mobile,18.4,1621890877962,780,780,4,YEP
4G-LTE,T-Mobile,18.5,1621890897242,705,704,4,YEP
4G-LTE,T-Mobile,18.6,1621890916547,590,589,4,YEP
4G-LTE,T-Mobile,18.7,1621890935836,535,535,4,YEP
4G-LTE,T-Mobile,18.8,1621890955171,380,380,4,YEP
4G-LTE,T-Mobile,18.9,1621890974451,1590,1590,4,YEP
4G-LTE,T-Mobile,19,1621890995041,1475,1475,4,YEP
4G-LTE,T-Mobile,19.1,1621891015616,1365,1365,4,YEP
4G-LTE,T-Mobile,19.2,1621891036181,1279,1280,4,YEP
4G-LTE,T-Mobile,19.3,1621891056761,1249,1250,4,YEP
4G-LTE,T-Mobile,19.4,1621891077411,1009,1010,4,YEP
4G-LTE,T-Mobile,19.5,1621891097921,1035,1035,4,YEP
4G-LTE,T-Mobile,19.6,1621891118556,825,825,4,YEP
4G-LTE,T-Mobile,19.7,1621891139081,800,800,4,YEP
4G-LTE,T-Mobile,19.8,1621891159681,655,655,4,YEP
4G-LTE,T-Mobile,19.9,1621891180236,600,600,4,YEP
4G-LTE,T-Mobile,0,1621891180836,70,70,4,YEP
4G-LTE,T-Mobile,0.1,1621891181006,120,120,4,YEP
4G-LTE,T-Mobile,0.2,1621891181326,120,120,4,YEP
4G-LTE,T-Mobile,0.3,1621891181746,80,80,4,YEP
4G-LTE,T-Mobile,0.4,1621891182226,100,100,4,YEP
4G-LTE,T-Mobile,0.5,1621891182826,100,99,4,YEP
4G-LTE,T-Mobile,0.6,1621891183526,160,160,4,YEP
4G-LTE,T-Mobile,0.7,1621891184386,60,60,4,YEP
4G-LTE,T-Mobile,0.8,1621891185246,100,99,4,YEP
4G-LTE,T-Mobile,0.9,1621891186246,140,140,4,YEP
4G-LTE,T-Mobile,1,1621891187386,140,140,4,YEP
4G-LTE,T-Mobile,1.1,1621891188626,80,80,4,YEP
4G-LTE,T-Mobile,1.2,1621891189906,100,100,4,YEP
4G-LTE,T-Mobile,1.3,1621891191306,140,139,4,YEP
4G-LTE,T-Mobile,1.4,1621891192846,120,120,4,YEP
4G-LTE,T-Mobile,1.5,1621891194466,100,100,4,YEP
4G-LTE,T-Mobile,1.6,1621891196166,160,160,4,YEP
4G-LTE,T-Mobile,1.7,1621891198026,140,139,4,YEP
4G-LTE,T-Mobile,1.8,1621891199966,120,120,4,YEP
4G-LTE,T-Mobile,1.9,1621891201986,100,99,4,YEP
4G-LTE,T-Mobile,2,1621891204086,160,160,4,YEP
4G-LTE,T-Mobile,2.1,1621891206346,140,139,4,YEP
4G-LTE,T-Mobile,2.2,1621891208686,120,119,4,YEP
4G-LTE,T-Mobile,2.3,1621891211106,100,100,4,YEP
4G-LTE,T-Mobile,2.4,1621891213606,160,159,4,YEP
4G-LTE,T-Mobile,2.5,1621891216266,120,120,4,YEP
4G-LTE,T-Mobile,2.6,1621891218986,140,140,4,YEP
4G-LTE,T-Mobile,2.7,1621891221826,100,100,4,YEP
4G-LTE,T-Mobile,2.8,1621891224726,160,160,4,YEP
4G-LTE,T-Mobile,2.9,1621891227786,140,140,4,YEP
4G-LTE,T-Mobile,3,1621891230926,120,120,4,YEP
4G-LTE,T-Mobile,3.1,1621891234146,100,99,4,YEP
4G-LTE,T-Mobile,3.2,1621891237446,160,160,4,YEP
4G-LTE,T-Mobile,3.3,1621891240906,140,140,4,YEP
4G-LTE,T-Mobile,3.4,1621891244446,120,119,4,YEP
4G-LTE,T-Mobile,3.5,1621891248066,100,100,4,YEP
4G-LTE,T-Mobile,3.6,1621891251766,160,159,4,YEP
4G-LTE,T-Mobile,3.7,1621891255626,140,140,4,YEP
4G-LTE,T-Mobile,3.8,1621891259566,120,120,4,YEP
4G-LTE,T-Mobile,3.9,1621891263586,100,99,4,YEP
4G-LTE,T-Mobile,4,1621891267686,160,159,4,YEP
4G-LTE,T-Mobile,4.1,1621891271945,130,130,4,YEP
4G-LTE,T-Mobile,4.2,1621891276276,130,130,4,YEP
4G-LTE,T-Mobile,4.3,1621891280706,100,99,4,YEP
4G-LTE,T-Mobile,4.4,1621891285206,160,159,4,YEP
4G-LTE,T-Mobile,4.5,1621891289866,140,139,4,YEP
4G-LTE,T-Mobile,4.6,1621891294606,120,119,4,YEP
4G-LTE,T-Mobile,4.7,1621891299426,110,109,4,YEP
4G-LTE,T-Mobile,4.8,1621891304336,150,149,4,YEP
4G-LTE,T-Mobile,4.9,1621891309385,140,140,4,YEP
4G-LTE,T-Mobile,5,1621891314526,310,309,4,YEP
4G-LTE,T-Mobile,5.1,1621891319936,400,399,4,YEP
4G-LTE,T-Mobile,5.2,1621891325535,1205,1205,4,YEP
4G-LTE,T-Mobile,5.3,1621891332040,1125,1125,4,YEP
4G-LTE,T-Mobile,5.4,1621891338565,965,965,4,YEP
4G-LTE,T-Mobile,5.5,1621891345031,900,899,4,YEP
4G-LTE,T-Mobile,5.6,1621891351530,795,795,4,YEP
4G-LTE,T-Mobile,5.7,1621891358025,710,710,4,YEP
4G-LTE,T-Mobile,5.8,1621891364535,650,650,4,YEP
4G-LTE,T-Mobile,5.9,1621891371086,450,449,4,YEP
4G-LTE,T-Mobile,6,1621891377535,405,405,4,YEP
4G-LTE,T-Mobile,6.1,1621891384040,1570,1570,4,YEP
4G-LTE,T-Mobile,6.2,1621891391810,1530,1530,4,YEP
4G-LTE,T-Mobile,6.3,1621891399640,1350,1350,4,YEP
4G-LTE,T-Mobile,6.4,1621891407390,1250,1250,4,YEP
4G-LTE,T-Mobile,6.5,1621891415140,1190,1190,4,YEP
4G-LTE,T-Mobile,6.6,1621891422930,1070,1070,4,YEP
4G-LTE,T-Mobile,6.7,1621891430700,980,980,4,YEP
4G-LTE,T-Mobile,6.8,1621891438480,890,890,4,YEP
4G-LTE,T-Mobile,6.9,1621891446270,780,780,4,YEP
4G-LTE,T-Mobile,7,1621891454050,675,675,4,YEP
4G-LTE,T-Mobile,7.1,1621891461825,595,595,4,YEP
4G-LTE,T-Mobile,7.2,1621891469620,480,480,4,YEP
4G-LTE,T-Mobile,7.3,1621891477400,375,375,4,YEP
4G-LTE,T-Mobile,7.4,1621891485175,1555,1555,4,YEP
4G-LTE,T-Mobile,7.5,1621891494230,1460,1460,4,YEP
4G-LTE,T-Mobile,7.6,1621891503290,1380,1380,4,YEP
4G-LTE,T-Mobile,7.7,1621891512370,1254,1255,4,YEP
4G-LTE,T-Mobile,7.8,1621891521425,1185,1185,4,YEP
4G-LTE,T-Mobile,7.9,1621891530510,1100,1100,4,YEP
4G-LTE,T-Mobile,8,1621891539610,900,900,4,YEP
4G-LTE,T-Mobile,8.1,1621891548610,895,895,4,YEP
4G-LTE,T-Mobile,8.2,1621891557705,714,715,4,YEP
4G-LTE,T-Mobile,8.3,1621891566720,635,635,4,YEP
4G-LTE,T-Mobile,8.4,1621891575755,565,565,4,YEP
4G-LTE,T-Mobile,8.5,1621891584820,490,490,4,YEP
4G-LTE,T-Mobile,8.6,1621891593910,339,340,4,YEP
4G-LTE,T-Mobile,8.7,1621891602950,1535,1535,4,YEP
4G-LTE,T-Mobile,8.8,1621891613285,1465,1465,4,YEP
4G-LTE,T-Mobile,8.9,1621891623650,1365,1365,4,YEP
4G-LTE,T-Mobile,9,1621891634016,1240,1239,4,YEP
4G-LTE,T-Mobile,9.1,1621891644355,1115,1115,4,YEP
4G-LTE,T-Mobile,9.2,1621891654670,1084,1085,4,YEP
4G-LTE,T-Mobile,9.3,1621891665055,899,900,4,YEP
4G-LTE,T-Mobile,9.4,1621891675355,870,870,4,YEP
4G-LTE,T-Mobile,9.5,1621891685725,719,720,4,YEP
4G-LTE,T-Mobile,9.6,1621891696045,644,645,4,YEP
4G-LTE,T-Mobile,9.7,1621891706390,509,510,4,YEP
4G-LTE,T-Mobile,9.8,1621891716700,454,455,4,YEP
4G-LTE,T-Mobile,9.9,1621891727055,324,325,4,YEP
4G-LTE,T-Mobile,10,1621891737380,1570,1570,4,YEP
4G-LTE,T-Mobile,10.1,1621891749050,1384,1385,4,YEP
4G-LTE,T-Mobile,10.2,1621891760635,1314,1315,4,YEP
4G-LTE,T-Mobile,10.3,1621891772250,1289,1290,4,YEP
4G-LTE,T-Mobile,10.4,1621891783940,1040,1040,4,YEP
4G-LTE,T-Mobile,10.5,1621891795480,139,140,4,BAD
4G-LTE,T-Mobile,10.6,1621891806220,534,535,4,YEP
4G-LTE,T-Mobile,10.7,1621891817455,814,815,4,YEP
4G-LTE,T-Mobile,10.8,1621891829070,754,755,4,BAD
4G-LTE,T-Mobile,10.9,1621891840725,555,555,4,YEP
4G-LTE,T-Mobile,11,1621891852280,550,550,4,YEP
4G-LTE,T-Mobile,11.1,1621891863930,460,460,4,YEP
4G-LTE,T-Mobile,11.2,1621891875590,1540,1540,4,YEP
4G-LTE,T-Mobile,11.3,1621891888430,1515,1515,4,YEP
4G-LTE,T-Mobile,11.4,1621891901345,1385,1385,4,YEP
4G-LTE,T-Mobile,11.5,1621891914230,1314,1315,4,YEP
4G-LTE,T-Mobile,11.6,1621891927145,1185,1185,4,YEP
4G-LTE,T-Mobile,11.7,1621891940030,1159,1160,4,YEP
4G-LTE,T-Mobile,11.8,1621891952990,935,935,4,YEP
4G-LTE,T-Mobile,11.9,1621891965825,895,895,4,YEP
4G-LTE,T-Mobile,12,1621891978720,889,890,4,YEP
4G-LTE,T-Mobile,12.1,1621891991710,635,635,4,YEP
4G-LTE,T-Mobile,12.2,1621892004545,640,640,4,YEP
4G-LTE,T-Mobile,12.3,1621892017485,465,465,4,YEP
4G-LTE,T-Mobile,12.4,1621892030350,379,380,4,YEP
4G-LTE,T-Mobile,12.5,1621892043230,1579,1580,4,YEP
4G-LTE,T-Mobile,12.6,1621892057410,1539,1540,4,YEP
4G-LTE,T-Mobile,12.7,1621892071650,1325,1325,4,YEP
4G-LTE,T-Mobile,12.8,1621892085775,1269,1270,4,YEP
4G-LTE,T-Mobile,12.9,1621892099945,1190,1190,4,YEP
4G-LTE,T-Mobile,13,1621892114135,1115,1115,4,YEP
4G-LTE,T-Mobile,13.1,1621892128350,954,955,4,YEP
4G-LTE,T-Mobile,13.2,1621892142505,895,895,4,YEP
4G-LTE,T-Mobile,13.3,1621892156700,814,815,4,YEP
4G-LTE,T-Mobile,13.4,1621892170915,639,640,4,YEP
4G-LTE,T-Mobile,13.5,1621892185055,560,560,4,YEP
4G-LTE,T-Mobile,13.6,1621892199215,500,500,4,YEP
4G-LTE,T-Mobile,13.7,1621892213415,364,365,4,YEP
4G-LTE,T-Mobile,13.8,1621892227580,1549,1550,4,YEP
4G-LTE,T-Mobile,13.9,1621892243030,1459,1460,4,YEP
4G-LTE,T-Mobile,14,1621892258490,1355,1355,4,YEP
4G-LTE,T-Mobile,14.1,1621892273945,1260,1260,4,YEP
4G-LTE,T-Mobile,14.2,1621892289405,1165,1165,4,YEP
4G-LTE,T-Mobile,14.3,1621892304870,1060,1060,4,YEP
4G-LTE,T-Mobile,14.4,1621892320330,985,985,4,YEP
4G-LTE,T-Mobile,14.5,1621892335815,854,855,4,YEP
4G-LTE,T-Mobile,14.6,1621892351270,739,740,4,YEP
4G-LTE,T-Mobile,14.7,1621892366710,655,655,4,YEP
4G-LTE,T-Mobile,14.8,1621892382165,565,565,4,YEP
4G-LTE,T-Mobile,14.9,1621892397630,485,485,4,YEP
4G-LTE,T-Mobile,15,1621892413115,335,335,4,YEP
4G-LTE,T-Mobile,15.1,1621892428550,1560,1560,4,YEP
4G-LTE,T-Mobile,15.2,1621892445310,1510,1510,4,YEP
4G-LTE,T-Mobile,15.3,1621892462120,1260,1260,4,YEP
4G-LTE,T-Mobile,15.4,1621892478780,1255,1255,4,YEP
4G-LTE,T-Mobile,15.5,1621892495535,1120,1120,4,YEP
4G-LTE,T-Mobile,15.6,1621892512255,1104,1105,4,YEP
4G-LTE,T-Mobile,15.7,1621892529060,895,895,4,YEP
4G-LTE,T-Mobile,15.8,1621892545755,834,835,4,YEP
4G-LTE,T-Mobile,15.9,1621892562490,734,735,4,YEP
4G-LTE,T-Mobile,16,1621892579225,645,645,4,YEP
4G-LTE,T-Mobile,16.1,1621892595970,580,580,4,YEP
4G-LTE,T-Mobile,16.2,1621892612750,390,390,4,YEP
4G-LTE,T-Mobile,16.3,1621892629440,335,335,4,YEP
4G-LTE,T-Mobile,16.4,1621892646175,1560,1560,4,YEP
4G-LTE,T-Mobile,16.5,1621892664235,1445,1445,4,YEP
4G-LTE,T-Mobile,16.6,1621892682280,1295,1295,4,YEP
4G-LTE,T-Mobile,16.7,1621892700275,1180,1180,4,YEP
4G-LTE,T-Mobile,16.8,1621892718255,1135,1135,4,YEP
4G-LTE,T-Mobile,16.9,1621892736290,1064,1065,4,YEP
4G-LTE,T-Mobile,17,1621892754355,859,860,4,YEP
4G-LTE,T-Mobile,17.1,1621892772315,835,835,4,YEP
4G-LTE,T-Mobile,17.2,1621892790350,709,710,4,YEP
4G-LTE,T-Mobile,17.3,1621892808360,680,680,4,YEP
4G-LTE,T-Mobile,17.4,1621892826440,465,465,4,YEP
4G-LTE,T-Mobile,17.5,1621892844405,409,410,4,YEP
4G-LTE,T-Mobile,17.6,1621892862415,350,350,4,YEP
4G-LTE,T-Mobile,17.7,1621892880465,1495,1495,4,YEP
4G-LTE,T-Mobile,17.8,1621892899760,1415,1415,4,YEP
4G-LTE,T-Mobile,17.9,1621892919075,1270,1270,4,YEP
4G-LTE,T-Mobile,18,1621892938345,1195,1195,4,YEP
4G-LTE,T-Mobile,18.1,1621892957640,1105,1105,4,YEP
4G-LTE,T-Mobile,18.2,1621892976945,1005,1005,4,YEP
4G-LTE,T-Mobile,18.3,1621892996250,894,895,4,YEP
4G-LTE,T-Mobile,18.4,1621893015545,800,800,4,YEP
4G-LTE,T-Mobile,18.5,1621893034845,710,710,4,YEP
4G-LTE,T-Mobile,18.6,1621893054155,595,595,4,YEP
4G-LTE,T-Mobile,18.7,1621893073450,485,485,4,YEP
4G-LTE,T-Mobile,18.8,1621893092735,455,455,4,YEP
4G-LTE,T-Mobile,18.9,1621893112090,1520,1520,4,YEP
4G-LTE,T-Mobile,19,1621893132610,1495,1495,4,YEP
4G-LTE,T-Mobile,19.1,1621893153205,1385,1385,4,YEP
4G-LTE,T-Mobile,19.2,1621893173790,1315,1315,4,YEP
4G-LTE,T-Mobile,19.3,1621893194405,1155,1155,4,YEP
4G-LTE,T-Mobile,19.4,1621893214960,1115,1115,4,YEP
4G-LTE,T-Mobile,19.5,1621893235575,945,945,4,YEP
4G-LTE,T-Mobile,19.6,1621893256120,880,880,4,YEP
4G-LTE,T-Mobile,19.7,1621893276700,825,825,4,YEP
4G-LTE,T-Mobile,19.8,1621893297325,625,625,4,YEP
4G-LTE,T-Mobile,19.9,1621893317850,570,569,4,YEP
4G-LTE,T-Mobile,0,1621893318420,55,55,4,YEP
4G-LTE,T-Mobile,0.1,1621893318575,100,100,4,YEP
4G-LTE,T-Mobile,0.2,1621893318875,160,160,4,YEP
4G-LTE,T-Mobile,0.3,1621893319335,100,100,4,YEP
4G-LTE,T-Mobile,0.4,1621893319835,120,120,4,YEP
4G-LTE,T-Mobile,0.5,1621893320455,100,100,4,YEP
4G-LTE,T-Mobile,0.6,1621893321155,120,120,4,YEP
4G-LTE,T-Mobile,0.7,1621893321975,60,60,4,YEP
4G-LTE,T-Mobile,0.8,1621893322835,120,120,4,YEP
4G-LTE,T-Mobile,0.9,1621893323855,140,140,4,YEP
4G-LTE,T-Mobile,1,1621893324995,120,120,4,YEP
4G-LTE,T-Mobile,1.1,1621893326215,100,100,4,YEP
4G-LTE,T-Mobile,1.2,1621893327515,170,170,4,YEP
4G-LTE,T-Mobile,1.3,1621893328985,130,130,4,YEP
4G-LTE,T-Mobile,1.4,1621893330515,120,120,4,YEP
4G-LTE,T-Mobile,1.5,1621893332135,100,100,4,YEP
4G-LTE,T-Mobile,1.6,1621893333835,160,160,4,YEP
4G-LTE,T-Mobile,1.7,1621893335695,140,140,4,YEP
4G-LTE,T-Mobile,1.8,1621893337635,120,120,4,YEP
4G-LTE,T-Mobile,1.9,1621893339655,100,100,4,YEP
4G-LTE,T-Mobile,2,1621893341755,140,140,4,YEP
4G-LTE,T-Mobile,2.1,1621893343995,160,160,4,YEP
4G-LTE,T-Mobile,2.2,1621893346355,120,120,4,YEP
4G-LTE,T-Mobile,2.3,1621893348775,100,100,4,YEP
4G-LTE,T-Mobile,2.4,1621893351275,160,160,4,YEP
4G-LTE,T-Mobile,2.5,1621893353935,140,140,4,YEP
4G-LTE,T-Mobile,2.6,1621893356675,120,120,4,YEP
4G-LTE,T-Mobile,2.7,1621893359495,110,110,4,YEP
4G-LTE,T-Mobile,2.8,1621893362405,150,150,4,YEP
4G-LTE,T-Mobile,2.9,1621893365455,140,140,4,YEP
4G-LTE,T-Mobile,3,1621893368595,120,120,4,YEP
4G-LTE,T-Mobile,3.1,1621893371815,100,100,4,YEP
4G-LTE,T-Mobile,3.2,1621893375115,160,160,4,YEP
4G-LTE,T-Mobile,3.3,1621893378575,140,140,4,YEP
4G-LTE,T-Mobile,3.4,1621893382115,120,120,4,YEP
4G-LTE,T-Mobile,3.5,1621893385735,115,115,4,YEP
4G-LTE,T-Mobile,3.6,1621893389450,145,145,4,YEP
4G-LTE,T-Mobile,3.7,1621893393295,140,140,4,YEP
4G-LTE,T-Mobile,3.8,1621893397235,120,120,4,YEP
4G-LTE,T-Mobile,3.9,1621893401255,100,100,4,YEP
4G-LTE,T-Mobile,4,1621893405355,160,160,4,YEP
4G-LTE,T-Mobile,4.1,1621893409615,140,139,4,YEP
4G-LTE,T-Mobile,4.2,1621893413955,130,130,4,YEP
4G-LTE,T-Mobile,4.3,1621893418385,170,170,4,YEP
4G-LTE,T-Mobile,4.4,1621893422955,160,160,4,YEP
4G-LTE,T-Mobile,4.5,1621893427615,140,140,4,YEP
4G-LTE,T-Mobile,4.6,1621893432355,120,120,4,YEP
4G-LTE,T-Mobile,4.7,1621893437175,100,100,4,YEP
4G-LTE,T-Mobile,4.8,1621893442075,160,160,4,YEP
4G-LTE,T-Mobile,4.9,1621893447135,140,140,4,YEP
4G-LTE,T-Mobile,5,1621893452275,301,300,4,YEP
4G-LTE,T-Mobile,5.1,1621893457675,1594,1595,4,YEP
4G-LTE,T-Mobile,5.2,1621893464470,1200,1200,4,YEP
4G-LTE,T-Mobile,5.3,1621893470970,1040,1040,4,YEP
4G-LTE,T-Mobile,5.4,1621893477410,1020,1020,4,YEP
4G-LTE,T-Mobile,5.5,1621893483930,939,940,4,YEP
4G-LTE,T-Mobile,5.6,1621893490470,740,740,4,YEP
4G-LTE,T-Mobile,5.7,1621893496910,690,690,4,YEP
4G-LTE,T-Mobile,5.8,1621893503400,615,615,4,YEP
4G-LTE,T-Mobile,5.9,1621893509915,485,485,4,YEP
4G-LTE,T-Mobile,6,1621893516400,410,410,4,YEP
4G-LTE,T-Mobile,6.1,1621893522910,1650,1650,4,YEP
4G-LTE,T-Mobile,6.2,1621893530760,1490,1490,4,YEP
4G-LTE,T-Mobile,6.3,1621893538550,1305,1305,4,YEP
4G-LTE,T-Mobile,6.4,1621893546255,1285,1285,4,YEP
4G-LTE,T-Mobile,6.5,1621893554040,1180,1180,4,YEP
4G-LTE,T-Mobile,6.6,1621893561820,1085,1085,4,YEP
4G-LTE,T-Mobile,6.7,1621893569605,1000,1000,4,YEP
4G-LTE,T-Mobile,6.8,1621893577405,915,915,4,YEP
4G-LTE,T-Mobile,6.9,1621893585220,710,710,4,YEP
4G-LTE,T-Mobile,7,1621893592930,705,705,4,YEP
4G-LTE,T-Mobile,7.1,1621893600735,545,545,4,YEP
4G-LTE,T-Mobile,7.2,1621893608480,485,485,4,YEP
4G-LTE,T-Mobile,7.3,1621893616265,385,385,4,YEP
4G-LTE,T-Mobile,7.4,1621893624050,1550,1550,4,YEP
4G-LTE,T-Mobile,7.5,1621893633100,1515,1515,4,YEP
4G-LTE,T-Mobile,7.6,1621893642215,1335,1335,4,YEP
4G-LTE,T-Mobile,7.7,1621893651250,1235,1235,4,YEP
4G-LTE,T-Mobile,7.8,1621893660285,1175,1175,4,YEP
4G-LTE,T-Mobile,7.9,1621893669360,1070,1070,4,YEP
4G-LTE,T-Mobile,8,1621893678430,965,965,4,YEP
4G-LTE,T-Mobile,8.1,1621893687495,855,855,4,YEP
4G-LTE,T-Mobile,8.2,1621893696550,745,745,4,YEP
4G-LTE,T-Mobile,8.3,1621893705595,680,680,4,YEP
4G-LTE,T-Mobile,8.4,1621893714675,535,535,4,YEP
4G-LTE,T-Mobile,8.5,1621893723710,480,480,4,YEP
4G-LTE,T-Mobile,8.6,1621893732790,350,350,4,YEP
4G-LTE,T-Mobile,8.7,1621893741840,1515,1515,4,YEP
4G-LTE,T-Mobile,8.8,1621893752155,1515,1515,4,YEP
4G-LTE,T-Mobile,8.9,1621893762570,1280,1280,4,YEP
4G-LTE,T-Mobile,9,1621893772850,1285,1285,4,YEP
4G-LTE,T-Mobile,9.1,1621893783235,1100,1100,4,YEP
4G-LTE,T-Mobile,9.2,1621893793535,1060,1060,4,YEP
4G-LTE,T-Mobile,9.3,1621893803895,905,905,4,YEP
4G-LTE,T-Mobile,9.4,1621893814200,860,860,4,YEP
4G-LTE,T-Mobile,9.5,1621893824560,760,760,4,YEP
4G-LTE,T-Mobile,9.6,1621893834920,615,615,4,YEP
4G-LTE,T-Mobile,9.7,1621893845235,550,550,4,YEP
4G-LTE,T-Mobile,9.8,1621893855585,435,435,4,YEP
4G-LTE,T-Mobile,9.9,1621893865920,335,335,4,YEP
4G-LTE,T-Mobile,10,1621893876255,1525,1525,4,YEP
4G-LTE,T-Mobile,10.1,1621893887880,1405,1405,4,YEP
4G-LTE,T-Mobile,10.2,1621893899485,1380,1379,4,YEP
4G-LTE,T-Mobile,10.3,1621893911165,1170,1170,4,YEP
4G-LTE,T-Mobile,10.4,1621893922735,1125,1125,4,YEP
4G-LTE,T-Mobile,10.5,1621893934360,1015,1015,4,YEP
4G-LTE,T-Mobile,10.6,1621893945975,925,925,4,YEP
4G-LTE,T-Mobile,10.7,1621893957600,820,820,4,YEP
4G-LTE,T-Mobile,10.8,1621893969220,735,735,4,YEP
4G-LTE,T-Mobile,10.9,1621893980855,595,594,4,YEP
4G-LTE,T-Mobile,11,1621893992450,525,525,4,YEP
4G-LTE,T-Mobile,11.1,1621894004075,415,415,4,YEP
4G-LTE,T-Mobile,11.2,1621894015690,314,315,4,YEP
4G-LTE,T-Mobile,11.3,1621894027305,1510,1510,4,YEP
4G-LTE,T-Mobile,11.4,1621894040215,1420,1420,4,YEP
4G-LTE,T-Mobile,11.5,1621894053135,1275,1275,4,YEP
4G-LTE,T-Mobile,11.6,1621894066010,1205,1205,4,YEP
4G-LTE,T-Mobile,11.7,1621894078915,1105,1105,4,YEP
4G-LTE,T-Mobile,11.8,1621894091820,985,985,4,YEP
4G-LTE,T-Mobile,11.9,1621894104705,925,925,4,YEP
4G-LTE,T-Mobile,12,1621894117630,849,850,4,YEP
4G-LTE,T-Mobile,12.1,1621894130580,650,650,4,YEP
4G-LTE,T-Mobile,12.2,1621894143430,580,580,4,YEP
4G-LTE,T-Mobile,12.3,1621894156310,495,495,4,YEP
4G-LTE,T-Mobile,12.4,1621894169205,395,395,4,YEP
4G-LTE,T-Mobile,12.5,1621894182100,1590,1590,4,YEP
4G-LTE,T-Mobile,12.6,1621894196290,1490,1490,4,YEP
4G-LTE,T-Mobile,12.7,1621894210480,1365,1365,4,YEP
4G-LTE,T-Mobile,12.8,1621894224645,1315,1315,4,DIS
4G-LTE,T-Mobile,12.9,1621894238860,1160,1160,4,YEP
4G-LTE,T-Mobile,13,1621894253020,1075,1075,4,YEP
4G-LTE,T-Mobile,13.1,1621894267195,1015,1015,4,YEP
4G-LTE,T-Mobile,13.2,1621894281410,885,885,4,YEP
4G-LTE,T-Mobile,13.3,1621894295595,745,745,4,YEP
4G-LTE,T-Mobile,13.4,1621894309740,680,680,4,YEP
4G-LTE,T-Mobile,13.5,1621894323920,640,640,4,YEP
4G-LTE,T-Mobile,13.6,1621894338160,455,455,4,YEP
4G-LTE,T-Mobile,13.7,1621894352315,380,380,4,YEP
4G-LTE,T-Mobile,13.8,1621894366495,1535,1535,4,YEP
4G-LTE,T-Mobile,13.9,1621894381930,1465,1465,4,YEP
4G-LTE,T-Mobile,14,1621894397395,1339,1340,4,YEP
4G-LTE,T-Mobile,14.1,1621894412835,1255,1255,4,YEP
4G-LTE,T-Mobile,14.2,1621894428290,1235,1235,4,YEP
4G-LTE,T-Mobile,14.3,1621894443825,1005,1005,4,YEP
4G-LTE,T-Mobile,14.4,1621894459230,935,935,4,YEP
4G-LTE,T-Mobile,14.5,1621894474665,920,920,4,YEP
4G-LTE,T-Mobile,14.6,1621894490185,720,720,4,YEP
4G-LTE,T-Mobile,14.7,1621894505605,650,650,4,YEP
4G-LTE,T-Mobile,14.8,1621894521055,560,560,4,YEP
4G-LTE,T-Mobile,14.9,1621894536515,470,470,4,YEP
4G-LTE,T-Mobile,15,1621894551985,370,370,4,YEP
4G-LTE,T-Mobile,15.1,1621894567455,1525,1525,4,YEP
4G-LTE,T-Mobile,15.2,1621894584180,1499,1500,4,YEP
4G-LTE,T-Mobile,15.3,1621894600980,1280,1280,4,YEP
4G-LTE,T-Mobile,15.4,1621894617660,1220,1220,4,YEP
4G-LTE,T-Mobile,15.5,1621894634380,1230,1230,4,YEP
4G-LTE,T-Mobile,15.6,1621894651210,974,975,4,YEP
4G-LTE,T-Mobile,15.7,1621894667885,965,965,4,YEP
4G-LTE,T-Mobile,15.8,1621894684650,899,900,4,YEP
4G-LTE,T-Mobile,15.9,1621894701450,650,650,4,YEP
4G-LTE,T-Mobile,16,1621894718100,645,645,4,YEP
4G-LTE,T-Mobile,16.1,1621894734845,545,545,4,YEP
4G-LTE,T-Mobile,16.2,1621894751590,405,405,4,YEP
4G-LTE,T-Mobile,16.3,1621894768295,390,390,4,YEP
4G-LTE,T-Mobile,16.4,1621894785085,105,105,4,BAD
4G-LTE,T-Mobile,16.5,1621894801690,1594,1595,4,YEP
4G-LTE,T-Mobile,16.6,1621894819885,1285,1285,4,YEP
4G-LTE,T-Mobile,16.7,1621894837870,1199,1200,4,YEP
4G-LTE,T-Mobile,16.8,1621894855870,1100,1100,4,YEP
4G-LTE,T-Mobile,16.9,1621894873870,1064,1065,4,YEP
4G-LTE,T-Mobile,17,1621894891935,885,885,4,YEP
4G-LTE,T-Mobile,17.1,1621894909920,830,830,4,YEP
4G-LTE,T-Mobile,17.2,1621894927950,725,725,4,YEP
4G-LTE,T-Mobile,17.3,1621894945975,600,600,4,YEP
4G-LTE,T-Mobile,17.4,1621894963975,529,530,4,YEP
4G-LTE,T-Mobile,17.5,1621894982005,430,429,4,YEP
4G-LTE,T-Mobile,17.6,1621895000035,1649,1649,4,YEP
4G-LTE,T-Mobile,17.7,1621895019384,1509,1510,4,YEP
4G-LTE,T-Mobile,17.8,1621895038694,1340,1339,4,YEP
4G-LTE,T-Mobile,17.9,1621895057934,1295,1294,4,YEP
4G-LTE,T-Mobile,18,1621895077228,1189,1190,4,YEP
4G-LTE,T-Mobile,18.1,1621895096518,1185,1185,4,YEP
4G-LTE,T-Mobile,18.2,1621895115903,960,959,4,YEP
4G-LTE,T-Mobile,18.3,1621895135162,894,895,4,YEP
4G-LTE,T-Mobile,18.4,1621895154457,784,785,4,YEP
4G-LTE,T-Mobile,18.5,1621895173742,670,670,4,YEP
4G-LTE,T-Mobile,18.6,1621895193012,600,599,4,YEP
4G-LTE,T-Mobile,18.7,1621895212311,504,505,4,YEP
4G-LTE,T-Mobile,18.8,1621895231616,460,460,4,YEP
4G-LTE,T-Mobile,18.9,1621895250976,1515,1515,4,YEP
4G-LTE,T-Mobile,19,1621895271491,1495,1494,4,YEP
4G-LTE,T-Mobile,19.1,1621895292085,1369,1370,4,YEP
4G-LTE,T-Mobile,19.2,1621895312655,1284,1285,4,YEP
4G-LTE,T-Mobile,19.3,1621895333240,1164,1164,4,YEP
4G-LTE,T-Mobile,19.4,1621895353805,1085,1084,4,YEP
4G-LTE,T-Mobile,19.5,1621895374389,985,985,4,YEP
4G-LTE,T-Mobile,19.6,1621895394974,889,890,4,YEP
4G-LTE,T-Mobile,19.7,1621895415564,754,755,4,YEP
4G-LTE,T-Mobile,19.8,1621895436119,689,690,4,YEP
4G-LTE,T-Mobile,19.9,1621895456709,635,635,4,YEP
4G-LTE,T-Mobile,0,1621895457344,65,64,4,YEP
4G-LTE,T-Mobile,0.1,1621895457509,120,120,4,YEP
4G-LTE,T-Mobile,0.2,1621895457829,120,119,4,YEP
4G-LTE,T-Mobile,0.3,1621895458249,100,99,4,YEP
4G-LTE,T-Mobile,0.4,1621895458749,160,160,4,YEP
4G-LTE,T-Mobile,0.5,1621895459409,120,119,4,YEP
4G-LTE,T-Mobile,0.6,1621895460129,140,139,4,YEP
4G-LTE,T-Mobile,0.7,1621895460969,100,100,4,YEP
4G-LTE,T-Mobile,0.8,1621895461869,160,159,4,YEP
4G-LTE,T-Mobile,0.9,1621895462929,140,140,4,YEP
4G-LTE,T-Mobile,1,1621895464069,120,119,4,YEP
4G-LTE,T-Mobile,1.1,1621895465289,100,99,4,YEP
4G-LTE,T-Mobile,1.2,1621895466589,160,159,4,YEP
4G-LTE,T-Mobile,1.3,1621895468049,140,139,4,YEP
4G-LTE,T-Mobile,1.4,1621895469589,120,119,4,YEP
4G-LTE,T-Mobile,1.5,1621895471209,100,99,4,YEP
4G-LTE,T-Mobile,1.6,1621895472909,160,159,4,YEP
4G-LTE,T-Mobile,1.7,1621895474769,140,139,4,YEP
4G-LTE,T-Mobile,1.8,1621895476709,120,119,4,YEP
4G-LTE,T-Mobile,1.9,1621895478729,80,80,4,YEP
4G-LTE,T-Mobile,2,1621895480809,110,110,4,YEP
4G-LTE,T-Mobile,2.1,1621895483019,130,130,4,YEP
4G-LTE,T-Mobile,2.2,1621895485349,120,119,4,YEP
4G-LTE,T-Mobile,2.3,1621895487768,100,100,4,YEP
4G-LTE,T-Mobile,2.4,1621895490269,160,159,4,YEP
4G-LTE,T-Mobile,2.5,1621895492928,140,140,4,YEP
4G-LTE,T-Mobile,2.6,1621895495668,120,120,4,YEP
4G-LTE,T-Mobile,2.7,1621895498488,100,100,4,YEP
4G-LTE,T-Mobile,2.8,1621895501388,160,160,4,YEP
4G-LTE,T-Mobile,2.9,1621895504448,140,140,4,YEP
4G-LTE,T-Mobile,3,1621895507588,120,120,4,YEP
4G-LTE,T-Mobile,3.1,1621895510808,100,100,4,YEP
4G-LTE,T-Mobile,3.2,1621895514108,170,170,4,YEP
4G-LTE,T-Mobile,3.3,1621895517578,109,110,4,YEP
4G-LTE,T-Mobile,3.4,1621895521088,139,140,4,YEP
4G-LTE,T-Mobile,3.5,1621895524728,99,100,4,YEP
4G-LTE,T-Mobile,3.6,1621895528428,160,160,4,YEP
4G-LTE,T-Mobile,3.7,1621895532288,139,140,4,YEP
4G-LTE,T-Mobile,3.8,1621895536228,119,120,4,YEP
4G-LTE,T-Mobile,3.9,1621895540248,99,100,4,YEP
4G-LTE,T-Mobile,4,1621895544348,160,160,4,YEP
4G-LTE,T-Mobile,4.1,1621895548608,139,140,4,YEP
4G-LTE,T-Mobile,4.2,1621895552948,119,120,4,YEP
4G-LTE,T-Mobile,4.3,1621895557368,100,100,4,YEP
4G-LTE,T-Mobile,4.4,1621895561868,160,160,4,YEP
4G-LTE,T-Mobile,4.5,1621895566528,140,140,4,YEP
4G-LTE,T-Mobile,4.6,1621895571268,120,120,4,YEP
4G-LTE,T-Mobile,4.7,1621895576088,115,115,4,YEP
4G-LTE,T-Mobile,4.8,1621895581003,145,145,4,YEP
4G-LTE,T-Mobile,4.9,1621895586048,140,140,4,YEP
4G-LTE,T-Mobile,5,1621895591188,280,280,4,YEP
4G-LTE,T-Mobile,5.1,1621895596568,1525,1524,4,YEP
4G-LTE,T-Mobile,5.2,1621895603293,1205,1204,4,YEP
4G-LTE,T-Mobile,5.3,1621895609798,1090,1089,4,YEP
4G-LTE,T-Mobile,5.4,1621895616288,985,984,4,YEP
4G-LTE,T-Mobile,5.5,1621895622773,970,969,4,YEP
4G-LTE,T-Mobile,5.6,1621895629343,795,794,4,YEP
4G-LTE,T-Mobile,5.7,1621895635838,700,699,4,YEP
4G-LTE,T-Mobile,5.8,1621895642337,545,545,4,YEP
4G-LTE,T-Mobile,5.9,1621895648782,495,495,4,YEP
4G-LTE,T-Mobile,6,1621895655277,440,440,4,YEP
4G-LTE,T-Mobile,6.1,1621895661817,1615,1615,4,YEP
4G-LTE,T-Mobile,6.2,1621895669632,1420,1420,4,YEP
4G-LTE,T-Mobile,6.3,1621895677352,1379,1380,4,YEP
4G-LTE,T-Mobile,6.4,1621895685132,1309,1310,4,YEP
4G-LTE,T-Mobile,6.5,1621895692942,1194,1195,4,YEP
4G-LTE,T-Mobile,6.6,1621895700737,1029,1030,4,YEP
4G-LTE,T-Mobile,6.7,1621895708467,969,970,4,YEP
4G-LTE,T-Mobile,6.8,1621895716237,879,880,4,YEP
4G-LTE,T-Mobile,6.9,1621895724017,920,920,4,YEP
4G-LTE,T-Mobile,7,1621895731937,540,540,4,YEP
4G-LTE,T-Mobile,7.1,1621895739577,590,590,4,YEP
4G-LTE,T-Mobile,7.2,1621895747367,470,470,4,YEP
4G-LTE,T-Mobile,7.3,1621895755137,405,405,4,YEP
4G-LTE,T-Mobile,7.4,1621895762942,1535,1534,4,YEP
4G-LTE,T-Mobile,7.5,1621895771977,1495,1495,4,YEP
4G-LTE,T-Mobile,7.6,1621895781072,1335,1334,4,YEP
4G-LTE,T-Mobile,7.7,1621895790107,1265,1264,4,YEP
4G-LTE,T-Mobile,7.8,1621895799172,1195,1194,4,YEP
4G-LTE,T-Mobile,7.9,1621895808266,1015,1015,4,YEP
4G-LTE,T-Mobile,8,1621895817281,1005,1005,4,YEP
4G-LTE,T-Mobile,8.1,1621895826386,835,835,4,YEP
4G-LTE,T-Mobile,8.2,1621895835421,740,740,4,YEP
4G-LTE,T-Mobile,8.3,1621895844461,724,725,4,YEP
4G-LTE,T-Mobile,8.4,1621895853586,495,495,4,YEP
4G-LTE,T-Mobile,8.5,1621895862581,514,515,4,YEP
4G-LTE,T-Mobile,8.6,1621895871696,1590,1590,4,YEP
4G-LTE,T-Mobile,8.7,1621895881986,1529,1530,4,YEP
4G-LTE,T-Mobile,8.8,1621895892316,1504,1505,4,YEP
4G-LTE,T-Mobile,8.9,1621895902721,1309,1310,4,YEP
4G-LTE,T-Mobile,9,1621895913031,1219,1220,4,YEP
4G-LTE,T-Mobile,9.1,1621895923351,1169,1170,4,YEP
4G-LTE,T-Mobile,9.2,1621895933721,995,995,4,YEP
4G-LTE,T-Mobile,9.3,1621895944016,943,943,4,YEP
4G-LTE,T-Mobile,9.4,1621895954359,865,865,4,YEP
4G-LTE,T-Mobile,9.5,1621895964724,720,720,4,YEP
4G-LTE,T-Mobile,9.6,1621895975044,684,685,4,YEP
4G-LTE,T-Mobile,9.7,1621895985429,469,470,4,YEP
4G-LTE,T-Mobile,9.8,1621895995699,479,480,4,YEP
4G-LTE,T-Mobile,9.9,1621896006079,329,330,4,YEP
4G-LTE,T-Mobile,10,1621896016409,1540,1540,4,YEP
4G-LTE,T-Mobile,10.1,1621896028049,1395,1395,4,YEP
4G-LTE,T-Mobile,10.2,1621896039644,1315,1315,4,YEP
4G-LTE,T-Mobile,10.3,1621896051259,1235,1235,4,YEP
4G-LTE,T-Mobile,10.4,1621896062894,1110,1110,4,YEP
4G-LTE,T-Mobile,10.5,1621896074504,1080,1080,4,YEP
4G-LTE,T-Mobile,10.6,1621896086184,865,865,4,YEP
4G-LTE,T-Mobile,10.7,1621896097749,820,819,4,YEP
4G-LTE,T-Mobile,10.8,1621896109368,730,730,4,YEP
4G-LTE,T-Mobile,10.9,1621896120999,600,599,4,YEP
4G-LTE,T-Mobile,11,1621896132599,585,584,4,YEP
4G-LTE,T-Mobile,11.1,1621896144284,410,409,4,YEP
4G-LTE,T-Mobile,11.2,1621896155893,1545,1545,4,YEP
4G-LTE,T-Mobile,11.3,1621896168739,1505,1504,4,YEP
4G-LTE,T-Mobile,11.4,1621896181643,1405,1405,4,YEP
4G-LTE,T-Mobile,11.5,1621896194548,1285,1285,4,YEP
4G-LTE,T-Mobile,11.6,1621896217433,1455,1455,4,OUT
4G-LTE,T-Mobile,11.7,1621896230588,1129,1130,4,YEP
4G-LTE,T-Mobile,11.8,1621896243518,974,975,4,YEP
4G-LTE,T-Mobile,11.9,1621896256393,899,900,4,YEP
4G-LTE,T-Mobile,12,1621896269293,804,805,4,YEP
4G-LTE,T-Mobile,12.1,1621896282198,684,685,4,YEP
4G-LTE,T-Mobile,12.2,1621896295083,675,675,4,YEP
4G-LTE,T-Mobile,12.3,1621896308058,415,415,4,YEP
4G-LTE,T-Mobile,12.4,1621896320873,410,410,4,YEP
4G-LTE,T-Mobile,12.5,1621896333783,1660,1660,4,YEP
4G-LTE,T-Mobile,12.6,1621896348043,1405,1405,4,YEP
4G-LTE,T-Mobile,12.7,1621896362148,1400,1399,4,YEP
4G-LTE,T-Mobile,12.8,1621896376348,1250,1250,4,YEP
4G-LTE,T-Mobile,12.9,1621896390498,1190,1189,4,YEP
4G-LTE,T-Mobile,13,1621896404688,1095,1094,4,YEP
4G-LTE,T-Mobile,13.1,1621896418883,1032,1031,4,YEP
4G-LTE,T-Mobile,13.2,1621896433115,833,833,4,YEP
4G-LTE,T-Mobile,13.3,1621896447248,745,744,4,YEP
4G-LTE,T-Mobile,13.4,1621896461392,725,725,4,YEP
4G-LTE,T-Mobile,13.5,1621896475617,560,560,4,YEP
4G-LTE,T-Mobile,13.6,1621896489777,480,480,4,YEP
4G-LTE,T-Mobile,13.7,1621896503957,395,395,4,YEP
4G-LTE,T-Mobile,13.8,1621896518152,1555,1555,4,YEP
4G-LTE,T-Mobile,13.9,1621896533607,1450,1450,4,YEP
4G-LTE,T-Mobile,14,1621896549058,1409,1409,4,YEP
4G-LTE,T-Mobile,14.1,1621896564567,1290,1290,4,YEP
4G-LTE,T-Mobile,14.2,1621896580057,1064,1065,4,YEP
4G-LTE,T-Mobile,14.3,1621896595422,1085,1085,4,YEP
4G-LTE,T-Mobile,14.4,1621896610907,989,990,4,YEP
4G-LTE,T-Mobile,14.5,1621896626397,819,820,4,YEP
4G-LTE,T-Mobile,14.6,1621896641817,827,826,4,YEP
4G-LTE,T-Mobile,14.7,1621896657343,625,625,4,YEP
4G-LTE,T-Mobile,14.8,1621896672769,520,519,4,YEP
4G-LTE,T-Mobile,14.9,1621896688189,470,469,4,YEP
4G-LTE,T-Mobile,15,1621896703658,355,355,4,YEP
4G-LTE,T-Mobile,15.1,1621896719113,1535,1535,4,YEP
4G-LTE,T-Mobile,15.2,1621896735848,1530,1530,4,YEP
4G-LTE,T-Mobile,15.3,1621896752678,1235,1235,4,YEP
4G-LTE,T-Mobile,15.4,1621896769313,1250,1250,4,YEP
4G-LTE,T-Mobile,15.5,1621896786063,1144,1145,4,YEP
4G-LTE,T-Mobile,15.6,1621896802808,1049,1050,4,YEP
4G-LTE,T-Mobile,15.7,1621896819558,929,930,4,YEP
4G-LTE,T-Mobile,15.8,1621896836288,849,850,4,YEP
4G-LTE,T-Mobile,15.9,1621896853038,729,730,4,YEP
4G-LTE,T-Mobile,16,1621896869768,649,650,4,YEP
4G-LTE,T-Mobile,16.1,1621896886518,529,530,4,YEP
4G-LTE,T-Mobile,16.2,1621896903248,424,425,4,YEP
4G-LTE,T-Mobile,16.3,1621896919973,375,375,4,YEP
4G-LTE,T-Mobile,16.4,1621896936748,1500,1500,4,YEP
4G-LTE,T-Mobile,16.5,1621896954748,1470,1470,4,YEP
4G-LTE,T-Mobile,16.6,1621896972818,1340,1339,4,YEP
4G-LTE,T-Mobile,16.7,1621896990858,1165,1164,4,YEP
4G-LTE,T-Mobile,16.8,1621897008823,1180,1179,4,YEP
4G-LTE,T-Mobile,16.9,1621897026903,935,935,4,YEP
4G-LTE,T-Mobile,17,1621897044838,921,920,4,YEP
4G-LTE,T-Mobile,17.1,1621897062858,875,875,4,YEP
4G-LTE,T-Mobile,17.2,1621897080934,695,695,4,YEP
4G-LTE,T-Mobile,17.3,1621897098929,614,614,4,YEP
4G-LTE,T-Mobile,17.4,1621897116943,507,507,4,YEP
4G-LTE,T-Mobile,17.5,1621897134950,435,435,4,YEP
4G-LTE,T-Mobile,17.6,1621897152985,1596,1595,4,YEP
4G-LTE,T-Mobile,17.7,1621897172280,1535,1535,4,YEP
4G-LTE,T-Mobile,17.8,1621897191616,1430,1429,4,YEP
4G-LTE,T-Mobile,17.9,1621897210946,1225,1225,4,YEP
4G-LTE,T-Mobile,18,1621897230171,1235,1235,4,YEP
4G-LTE,T-Mobile,18.1,1621897249506,1085,1085,4,YEP
4G-LTE,T-Mobile,18.2,1621897268792,1045,1045,4,YEP
4G-LTE,T-Mobile,18.3,1621897288137,844,845,4,YEP
4G-LTE,T-Mobile,18.4,1621897307382,805,805,4,YEP
4G-LTE,T-Mobile,18.5,1621897326687,695,695,4,YEP
4G-LTE,T-Mobile,18.6,1621897345982,595,596,4,YEP
4G-LTE,T-Mobile,18.7,1621897365278,565,565,4,YEP
4G-LTE,T-Mobile,18.8,1621897384643,320,320,4,YEP
4G-LTE,T-Mobile,18.9,1621897403863,1595,1595,4,YEP
4G-LTE,T-Mobile,19,1621897424458,1500,1500,4,YEP
4G-LTE,T-Mobile,19.1,1621897445058,1375,1376,4,YEP
4G-LTE,T-Mobile,19.2,1621897465634,1260,1260,4,YEP
4G-LTE,T-Mobile,19.3,1621897486194,1251,1250,4,YEP
4G-LTE,T-Mobile,19.4,1621897506844,1005,1005,4,YEP
4G-LTE,T-Mobile,19.5,1621897527349,995,995,4,YEP
4G-LTE,T-Mobile,19.6,1621897547945,880,879,4,YEP
4G-LTE,T-Mobile,19.7,1621897568525,780,780,4,YEP
4G-LTE,T-Mobile,19.8,1621897589105,750,750,4,YEP
4G-LTE,T-Mobile,19.9,1621897609755,500,500,4,YEP
4G-LTE,T-Mobile,0,1621897610255,69,70,4,YEP
4G-LTE,T-Mobile,0.1,1621897610425,99,100,4,YEP
4G-LTE,T-Mobile,0.2,1621897610725,159,160,4,YEP
4G-LTE,T-Mobile,0.3,1621897611185,100,100,4,YEP
4G-LTE,T-Mobile,0.4,1621897611685,159,160,4,YEP
4G-LTE,T-Mobile,0.5,1621897612345,140,140,4,YEP
4G-LTE,T-Mobile,0.6,1621897613085,119,120,4,YEP
4G-LTE,T-Mobile,0.7,1621897613905,100,100,4,YEP
4G-LTE,T-Mobile,0.8,1621897614805,160,160,4,YEP
4G-LTE,T-Mobile,0.9,1621897615865,139,140,4,YEP
4G-LTE,T-Mobile,1,1621897617005,130,130,4,YEP
4G-LTE,T-Mobile,1.1,1621897618235,159,160,4,YEP
4G-LTE,T-Mobile,1.2,1621897619595,170,170,4,YEP
4G-LTE,T-Mobile,1.3,1621897621065,140,140,4,YEP
4G-LTE,T-Mobile,1.4,1621897622605,129,130,4,YEP
4G-LTE,T-Mobile,1.5,1621897624235,189,190,4,YEP
4G-LTE,T-Mobile,1.6,1621897626025,150,150,4,YEP
4G-LTE,T-Mobile,1.7,1621897627875,130,130,4,YEP
4G-LTE,T-Mobile,1.8,1621897629805,129,130,4,YEP
4G-LTE,T-Mobile,1.9,1621897631835,145,145,4,YEP
4G-LTE,T-Mobile,2,1621897633980,90,90,4,YEP
4G-LTE,T-Mobile,2.1,1621897636170,155,155,4,YEP
4G-LTE,T-Mobile,2.2,1621897638526,120,119,4,YEP
4G-LTE,T-Mobile,2.3,1621897640945,100,100,4,YEP
4G-LTE,T-Mobile,2.4,1621897643445,160,160,4,YEP
4G-LTE,T-Mobile,2.5,1621897646105,140,140,4,YEP
4G-LTE,T-Mobile,2.6,1621897648845,120,120,4,YEP
4G-LTE,T-Mobile,2.7,1621897651665,100,100,4,YEP
4G-LTE,T-Mobile,2.8,1621897654565,160,160,4,YEP
4G-LTE,T-Mobile,2.9,1621897657625,140,140,4,YEP
4G-LTE,T-Mobile,3,1621897660766,120,119,4,YEP
4G-LTE,T-Mobile,3.1,1621897663986,105,104,4,YEP
4G-LTE,T-Mobile,3.2,1621897667291,155,154,4,YEP
4G-LTE,T-Mobile,3.3,1621897670746,140,139,4,YEP
4G-LTE,T-Mobile,3.4,1621897674285,120,120,4,YEP
4G-LTE,T-Mobile,3.5,1621897677905,100,100,4,YEP
4G-LTE,T-Mobile,3.6,1621897681606,140,139,4,YEP
4G-LTE,T-Mobile,3.7,1621897685446,160,159,4,YEP
4G-LTE,T-Mobile,3.8,1621897689406,120,119,4,YEP
4G-LTE,T-Mobile,3.9,1621897693426,100,99,4,YEP
4G-LTE,T-Mobile,4,1621897697526,160,160,4,YEP
4G-LTE,T-Mobile,4.1,1621897701786,141,140,4,YEP
4G-LTE,T-Mobile,4.2,1621897706126,119,120,4,YEP
4G-LTE,T-Mobile,4.3,1621897710546,100,100,4,YEP
4G-LTE,T-Mobile,4.4,1621897715046,160,160,4,YEP
4G-LTE,T-Mobile,4.5,1621897719706,119,120,4,YEP
4G-LTE,T-Mobile,4.6,1621897724426,140,140,4,YEP
4G-LTE,T-Mobile,4.7,1621897729266,100,100,4,YEP
4G-LTE,T-Mobile,4.8,1621897734166,160,160,4,YEP
4G-LTE,T-Mobile,4.9,1621897739226,140,140,4,YEP
4G-LTE,T-Mobile,5,1621897744366,306,305,4,YEP
4G-LTE,T-Mobile,5.1,1621897749771,1259,1260,4,YEP
4G-LTE,T-Mobile,5.2,1621897756231,1205,1205,4,YEP
4G-LTE,T-Mobile,5.3,1621897762736,1099,1100,4,YEP
4G-LTE,T-Mobile,5.4,1621897769236,1020,1020,4,YEP
4G-LTE,T-Mobile,5.5,1621897775756,149,150,4,BAD
4G-LTE,T-Mobile,5.6,1621897781506,1565,1565,4,YEP
4G-LTE,T-Mobile,5.7,1621897788771,684,685,4,YEP
4G-LTE,T-Mobile,5.8,1621897795256,605,605,4,YEP
4G-LTE,T-Mobile,5.9,1621897801761,495,495,4,YEP
4G-LTE,T-Mobile,6,1621897808256,395,395,4,YEP
4G-LTE,T-Mobile,6.1,1621897814751,1565,1565,4,YEP
4G-LTE,T-Mobile,6.2,1621897822516,1520,1520,4,YEP
4G-LTE,T-Mobile,6.3,1621897830336,1360,1360,4,YEP
4G-LTE,T-Mobile,6.4,1621897838096,1270,1270,4,YEP
4G-LTE,T-Mobile,6.5,1621897845866,1240,1240,4,YEP
4G-LTE,T-Mobile,6.6,1621897853706,1015,1015,4,YEP
4G-LTE,T-Mobile,6.7,1621897861421,1010,1010,4,YEP
4G-LTE,T-Mobile,6.8,1621897869232,860,859,4,YEP
4G-LTE,T-Mobile,6.9,1621897876991,835,835,4,YEP
4G-LTE,T-Mobile,7,1621897884827,635,634,4,YEP
4G-LTE,T-Mobile,7.1,1621897892562,575,575,4,YEP
4G-LTE,T-Mobile,7.2,1621897900337,480,479,4,YEP
4G-LTE,T-Mobile,7.3,1621897908117,375,375,4,YEP
4G-LTE,T-Mobile,7.4,1621897915892,1575,1575,4,YEP
4G-LTE,T-Mobile,7.5,1621897924967,1430,1430,4,YEP
4G-LTE,T-Mobile,7.6,1621897933997,1385,1385,4,YEP
4G-LTE,T-Mobile,7.7,1621897943082,1245,1245,4,YEP
4G-LTE,T-Mobile,7.8,1621897952127,1240,1240,4,YEP
4G-LTE,T-Mobile,7.9,1621897961267,995,995,4,YEP
4G-LTE,T-Mobile,8,1621897970262,960,960,4,YEP
4G-LTE,T-Mobile,8.1,1621897979322,874,875,4,YEP
4G-LTE,T-Mobile,8.2,1621897988397,751,750,4,YEP
4G-LTE,T-Mobile,8.3,1621897997447,634,635,4,YEP
4G-LTE,T-Mobile,8.4,1621898006482,554,555,4,YEP
4G-LTE,T-Mobile,8.5,1621898015537,530,530,4,YEP
4G-LTE,T-Mobile,8.6,1621898024667,1614,1615,4,YEP
4G-LTE,T-Mobile,8.7,1621898034982,1509,1510,4,YEP
4G-LTE,T-Mobile,8.8,1621898045292,1450,1450,4,YEP
4G-LTE,T-Mobile,8.9,1621898055642,1340,1340,4,YEP
4G-LTE,T-Mobile,9,1621898065982,1220,1220,4,YEP
4G-LTE,T-Mobile,9.1,1621898076302,1220,1220,4,YEP
4G-LTE,T-Mobile,9.2,1621898086722,965,965,4,YEP
4G-LTE,T-Mobile,9.3,1621898096987,955,955,4,YEP
4G-LTE,T-Mobile,9.4,1621898107342,875,875,4,YEP
4G-LTE,T-Mobile,9.5,1621898117718,690,689,4,YEP
4G-LTE,T-Mobile,9.6,1621898128008,695,694,4,YEP
4G-LTE,T-Mobile,9.7,1621898138403,495,494,4,YEP
4G-LTE,T-Mobile,9.8,1621898148698,440,439,4,YEP
4G-LTE,T-Mobile,9.9,1621898159038,320,319,4,YEP
4G-LTE,T-Mobile,10,1621898169358,1545,1544,4,YEP
4G-LTE,T-Mobile,10.1,1621898181003,1415,1414,4,YEP
4G-LTE,T-Mobile,10.2,1621898192618,1320,1320,4,YEP
4G-LTE,T-Mobile,10.3,1621898204238,1225,1225,4,YEP
4G-LTE,T-Mobile,10.4,1621898215863,1110,1110,4,YEP
4G-LTE,T-Mobile,10.5,1621898227473,1065,1065,4,YEP
4G-LTE,T-Mobile,10.6,1621898249138,1155,1155,4,OUT
4G-LTE,T-Mobile,10.7,1621898260993,795,795,4,YEP
4G-LTE,T-Mobile,10.8,1621898272588,690,690,4,YEP
4G-LTE,T-Mobile,10.9,1621898284178,645,645,4,YEP
4G-LTE,T-Mobile,11,1621898295823,505,505,4,YEP
4G-LTE,T-Mobile,11.1,1621898307428,480,480,4,YEP
4G-LTE,T-Mobile,11.2,1621898319108,1550,1550,4,YEP
4G-LTE,T-Mobile,11.3,1621898331958,1510,1510,4,YEP
4G-LTE,T-Mobile,11.4,1621898344868,1439,1440,4,YEP
4G-LTE,T-Mobile,11.5,1621898357808,1239,1240,4,YEP
4G-LTE,T-Mobile,11.6,1621898370648,1244,1245,4,YEP
4G-LTE,T-Mobile,11.7,1621898383593,1075,1075,4,YEP
4G-LTE,T-Mobile,11.8,1621898396468,989,990,4,YEP
4G-LTE,T-Mobile,11.9,1621898409358,904,905,4,YEP
4G-LTE,T-Mobile,12,1621898422263,774,775,4,YEP
4G-LTE,T-Mobile,12.1,1621898435138,710,710,4,YEP
4G-LTE,T-Mobile,12.2,1621898448048,595,595,4,YEP
4G-LTE,T-Mobile,12.3,1621898460943,500,500,4,YEP
4G-LTE,T-Mobile,12.4,1621898473844,440,439,4,YEP
4G-LTE,T-Mobile,12.5,1621898486783,1535,1535,4,YEP
4G-LTE,T-Mobile,12.6,1621898500918,1505,1505,4,YEP
4G-LTE,T-Mobile,12.7,1621898515123,1365,1365,4,YEP
4G-LTE,T-Mobile,12.8,1621898529288,1275,1275,4,YEP
4G-LTE,T-Mobile,12.9,1621898543463,1195,1195,4,YEP
4G-LTE,T-Mobile,13,1621898557658,1080,1080,4,YEP
4G-LTE,T-Mobile,13.1,1621898571838,1030,1030,4,YEP
4G-LTE,T-Mobile,13.2,1621898586068,830,830,4,YEP
4G-LTE,T-Mobile,13.3,1621898600198,790,790,4,YEP
4G-LTE,T-Mobile,13.4,1621898614388,765,765,4,YEP
4G-LTE,T-Mobile,13.5,1621898628653,560,560,4,YEP
4G-LTE,T-Mobile,13.6,1621898642814,435,434,4,YEP
4G-LTE,T-Mobile,13.7,1621898656949,380,379,4,YEP
4G-LTE,T-Mobile,13.8,1621898671129,1530,1529,4,YEP
4G-LTE,T-Mobile,13.9,1621898686559,1450,1449,4,YEP
4G-LTE,T-Mobile,14,1621898702009,1355,1354,4,YEP
4G-LTE,T-Mobile,14.1,1621898717464,1305,1304,4,YEP
4G-LTE,T-Mobile,14.2,1621898732969,1105,1104,4,YEP
4G-LTE,T-Mobile,14.3,1621898748374,1080,1079,4,YEP
4G-LTE,T-Mobile,14.4,1621898763854,950,950,4,YEP
4G-LTE,T-Mobile,14.5,1621898779304,880,880,4,YEP
4G-LTE,T-Mobile,14.6,1621898794784,759,760,4,YEP
4G-LTE,T-Mobile,14.7,1621898810244,690,690,4,YEP
4G-LTE,T-Mobile,14.8,1621898825734,590,590,4,YEP
4G-LTE,T-Mobile,14.9,1621898841224,415,415,4,YEP
4G-LTE,T-Mobile,15,1621898856639,355,355,4,YEP
4G-LTE,T-Mobile,15.1,1621898872094,1555,1555,4,YEP
4G-LTE,T-Mobile,15.2,1621898888849,1445,1445,4,YEP
4G-LTE,T-Mobile,15.3,1621898905594,1360,1360,4,YEP
4G-LTE,T-Mobile,15.4,1621898922354,1185,1185,4,YEP
4G-LTE,T-Mobile,15.5,1621898939039,1140,1140,4,YEP
4G-LTE,T-Mobile,15.6,1621898955779,1100,1100,4,YEP
4G-LTE,T-Mobile,15.7,1621898972579,910,910,4,YEP
4G-LTE,T-Mobile,15.8,1621898989289,829,830,4,YEP
4G-LTE,T-Mobile,15.9,1621899006019,725,725,4,YEP
4G-LTE,T-Mobile,16,1621899022744,620,620,4,YEP
4G-LTE,T-Mobile,16.1,1621899039464,564,565,4,YEP
4G-LTE,T-Mobile,16.2,1621899056229,510,510,4,YEP
4G-LTE,T-Mobile,16.3,1621899073039,1539,1540,4,YEP
4G-LTE,T-Mobile,16.4,1621899090979,1519,1520,4,YEP
4G-LTE,T-Mobile,16.5,1621899108999,1450,1450,4,YEP
4G-LTE,T-Mobile,16.6,1621899127049,1290,1290,4,YEP
4G-LTE,T-Mobile,16.7,1621899145039,1244,1243,4,YEP
4G-LTE,T-Mobile,16.8,1621899163082,1159,1160,4,YEP
4G-LTE,T-Mobile,16.9,1621899181142,980,980,4,YEP
4G-LTE,T-Mobile,17,1621899199122,935,935,4,YEP
4G-LTE,T-Mobile,17.1,1621899217157,800,800,4,YEP
4G-LTE,T-Mobile,17.2,1621899235157,690,690,4,YEP
4G-LTE,T-Mobile,17.3,1621899253147,665,665,4,YEP
4G-LTE,T-Mobile,17.4,1621899271212,550,550,4,YEP
4G-LTE,T-Mobile,17.5,1621899289262,375,374,4,YEP
4G-LTE,T-Mobile,17.6,1621899307237,1630,1629,4,YEP
4G-LTE,T-Mobile,17.7,1621899326567,1460,1459,4,YEP
4G-LTE,T-Mobile,17.8,1621899345827,1470,1469,4,YEP
4G-LTE,T-Mobile,17.9,1621899365196,1215,1215,4,YEP
4G-LTE,T-Mobile,18,1621899384411,1280,1280,4,YEP
4G-LTE,T-Mobile,18.1,1621899403791,1070,1070,4,YEP
4G-LTE,T-Mobile,18.2,1621899423061,984,985,4,YEP
4G-LTE,T-Mobile,18.3,1621899442346,875,875,4,YEP
4G-LTE,T-Mobile,18.4,1621899461621,870,870,4,YEP
4G-LTE,T-Mobile,18.5,1621899480991,630,630,4,YEP
4G-LTE,T-Mobile,18.6,1621899500221,629,630,4,YEP
4G-LTE,T-Mobile,18.7,1621899519551,504,505,4,YEP
4G-LTE,T-Mobile,18.8,1621899538856,394,395,4,YEP
4G-LTE,T-Mobile,18.9,1621899558151,1560,1560,4,YEP
4G-LTE,T-Mobile,19,1621899578711,1530,1530,4,YEP
4G-LTE,T-Mobile,19.1,1621899599341,1325,1325,4,YEP
4G-LTE,T-Mobile,19.2,1621899619866,1285,1285,4,YEP
4G-LTE,T-Mobile,19.3,1621899640451,1195,1195,4,YEP
4G-LTE,T-Mobile,19.4,1621899661046,1050,1050,4,YEP
4G-LTE,T-Mobile,19.5,1621899681596,1015,1015,4,YEP
4G-LTE,T-Mobile,19.6,1621899702211,860,859,4,YEP
4G-LTE,T-Mobile,19.7,1621899722771,755,754,4,YEP
4G-LTE,T-Mobile,19.8,1621899743326,695,694,4,YEP
4G-LTE,T-Mobile,19.9,1621899763921,590,589,4,YEP
